horizon,real_GDP_median,real_GDP_lo68,real_GDP_hi68,real_GDP_lo90,real_GDP_hi90,GDP_deflator_median,GDP_deflator_lo68,GDP_deflator_hi68,GDP_deflator_lo90,GDP_deflator_hi90,EBP_median,EBP_lo68,EBP_hi68,EBP_lo90,EBP_hi90,y1_yield_median,y1_yield_lo68,y1_yield_hi68,y1_yield_lo90,y1_yield_hi90
0,0.2576511655769748,0.1932866261673373,0.29727935184031645,0.16166174030640476,0.3466062828544456,-0.02500473311366038,-0.046445053200181566,-0.007937550250902361,-0.0625459810215296,0.004061607039216811,-0.1343659776729823,-0.1529028791891462,-0.08609702457119711,-0.1865829584122586,-0.0654070925891784,0.25,0.25,0.25,0.25,0.25
1,0.35048459129294873,0.2429020936620533,0.4044393885418813,0.19682901301316086,0.46390319844456757,-0.0024540229092305504,-0.030192581873528856,0.022068474356832134,-0.05363754843236809,0.03830294843696075,-0.15976885861345,-0.18899266231594622,-0.09331391961726568,-0.23303877256951475,-0.07019002212932304,0.3790347786839256,0.33439916054131275,0.39321050187427503,0.3197546345169541,0.41436732152962513
2,0.454109665519326,0.3094138914344259,0.5258735252697401,0.24196950841425197,0.6176805147260599,0.013512753782486639,-0.01917366720421404,0.04027858170556945,-0.04911567376057187,0.06477631686512399,-0.09715896527377615,-0.12614883697989143,-0.030493179253164814,-0.17463745578018022,-0.010561059065835592,0.36326503749235006,0.2916349790257234,0.382110787416595,0.2597977318513449,0.42130335914488454
3,0.49741139580182614,0.3216673895668874,0.5641639662326161,0.2516220926113589,0.6847961514526494,0.03518113284245883,-0.008902443248306885,0.06983090623947469,-0.04221831379554023,0.0961762723432927,-0.06950425853863132,-0.09946659113050413,-0.014145252250833736,-0.14148683867265285,0.013152787743526887,0.38653502917387206,0.2920122266400725,0.4078373495357853,0.25817126025786774,0.4407825050105278
4,0.5184365276976783,0.32415328121070125,0.5838015495512153,0.23697803392186573,0.73896495258342,0.054014067555253856,-0.0017383540959177923,0.09069595002613864,-0.03625676626966103,0.12179456642038462,-0.03643506034624564,-0.06755218468862197,0.01863109864866683,-0.1056810553427293,0.04206100109110408,0.4058063997340612,0.29794598216383683,0.42920160324979034,0.24967086348060155,0.4725660673987594
5,0.5200526433594214,0.2967527151674788,0.5825994297636967,0.21824104368880523,0.7612385034691277,0.06286201450620779,-0.00041924019118326603,0.10520593871879506,-0.036514370824504684,0.1391078729736002,-0.0003724715795160151,-0.023027898648596168,0.05013944963190283,-0.051372836688826654,0.06624838887953155,0.37821057636256594,0.25101654510016047,0.40000932228822017,0.207923450391472,0.46175978937596407
6,0.5108561856797826,0.27280283034637026,0.5773588545093697,0.18407362853595077,0.7666776447123061,0.06838550655977954,-0.00305602374907889,0.11791675155267953,-0.039627540417817166,0.15402399305075384,0.023982646152616346,0.006530353166326126,0.065490906005621,-0.010454022521542889,0.08786833478200289,0.33133126217104003,0.19532745852468353,0.35098877960727365,0.15225335807595602,0.4193319939636946
7,0.4905418981214001,0.23247363753382597,0.5558128202944049,0.13628784640035072,0.7690368925382232,0.06941825566603466,-0.004387034827469662,0.12227465516417603,-0.04816855371948982,0.15440253183296088,0.039118114335793375,0.022570200414233438,0.07255453094819882,0.005771745446719412,0.09400316643837879,0.28051470648941323,0.14774339103691841,0.3005275946298976,0.09427870311369092,0.37163143878691596
8,0.4631447036749753,0.18559683497618637,0.5317885024607708,0.09009275993427253,0.7443027072076525,0.06483564863758602,-0.011704047942741904,0.12208502151977116,-0.05888307838774417,0.15873147993366982,0.05315545905148816,0.034673706053313234,0.08198820858606999,0.019289546498730804,0.09961214038693887,0.22134794468624575,0.08827747338826572,0.24822492914748703,0.03828844318335012,0.31302827712837444
9,0.4300612443704933,0.15175000027349794,0.4984203481822475,0.05053647014615274,0.7119519358622727,0.05687660177413612,-0.021853485670713022,0.11920235310686501,-0.07779364877322309,0.16130473034607481,0.06502336348259355,0.04424999247296942,0.0893050977547447,0.028971369208322453,0.10650626120548505,0.15581157612590701,0.0199435501126114,0.1769164150955915,-0.020931898133747174,0.24853824245787062
10,0.3936793073003719,0.11343419022024623,0.45764641444173026,0.015161508557424387,0.6904755595038319,0.046304516120209416,-0.03376362768607934,0.11370655000732688,-0.09141746477881656,0.1588097411761133,0.07302804252484457,0.04838831949483135,0.09578448901204975,0.033637800836238706,0.11092334951094907,0.09179944835251538,-0.03597329865928884,0.11143843182831192,-0.0781940531622866,0.18090794009672134
11,0.3563257367974779,0.0749680323140873,0.4145510824471065,-0.01612275962466269,0.6355999683350924,0.03366809241152339,-0.0457843202812759,0.10358274410348679,-0.10833064038017798,0.14820423301929023,0.07658578066713237,0.046822220880253874,0.09785246751992621,0.03087169851854055,0.11255685763498631,0.0337936667949682,-0.07908984501706803,0.057143859176146575,-0.13243315483433382,0.11933174455602918
12,0.32026955319510014,0.03742915369894348,0.3759234008090151,-0.059371539453387634,0.582927454801149,0.02028746882856476,-0.05930014388164285,0.09544953403321248,-0.1203697549470488,0.14014337625449685,0.07622373480636571,0.04082923000045488,0.09622434907196188,0.026180696884050326,0.11208690950556222,-0.017065393598827146,-0.11970398167772417,0.015551302179324392,-0.16938125882854133,0.0712264277425375
13,0.28722677625728454,0.007815710164141643,0.3487958215813077,-0.07146124067048727,0.5305720253760835,0.007314798336131037,-0.07244871220672484,0.08677683327335732,-0.12769535291721915,0.13466564916950682,0.07227859521033753,0.0338793415673784,0.09114955662789782,0.018175547999586938,0.11082050770024149,-0.05917768809675898,-0.15379323107188442,-0.02176305317040532,-0.20105167647415284,0.02481148843683463
14,0.25832600700262054,-0.015930145557007423,0.318966077377007,-0.08973067235355742,0.48555757759759477,-0.004319403596593413,-0.08618883024513531,0.07755638768909234,-0.13260139847968377,0.12554234548741908,0.06534604447894465,0.024255561581053086,0.08114198010667334,0.010862703808304272,0.10368417221525715,-0.0909717370877743,-0.1762321678296518,-0.041757450420097764,-0.21875511112354998,-0.0031032018832831848
15,0.23416456961103613,-0.027063939721854613,0.298779650959599,-0.09970463397759251,0.454751083829392,-0.013841330039002717,-0.0934853066712784,0.07389596399594549,-0.13393645063205606,0.1220317068342326,0.05645295981395422,0.016546404485965373,0.07013322652741802,0.0009390183280780626,0.09514827830167565,-0.11232868199453545,-0.18948264978318388,-0.05309974769407587,-0.23329075490947043,-0.014363310914239506
16,0.21494965292484539,-0.03514452817478417,0.26782327949838103,-0.10608515087750368,0.433974045603947,-0.020710603455221063,-0.0936697302705343,0.06936501905037838,-0.13870156582774196,0.12065255567130949,0.04653977789559276,0.007258292403200805,0.05784282848771352,-0.011020139634538316,0.0847702035765215,-0.12391465046252167,-0.19656657707391745,-0.052427313897320256,-0.2304877294979373,-0.012247904531856542
17,0.20053757022269758,-0.0372905702874948,0.2500126262100827,-0.10382974756971326,0.4101260573409805,-0.024620065519284196,-0.09291497204478541,0.06855578032151222,-0.14201710595763403,0.12569887920313055,0.03626189494966814,-0.0009111705036573296,0.04587681472778961,-0.016832632206690595,0.07444782011400769,-0.12657817339051966,-0.1921028234520394,-0.050164356693994765,-0.22916950417665788,0.0005223588693539145
18,0.1905307583782741,-0.03981776008809744,0.23739034298683231,-0.11182252371172033,0.3889282729591659,-0.02548775550565878,-0.09055414513528054,0.07110741796967458,-0.13986837207972547,0.13327220913247662,0.026198697488385284,-0.00799495545486532,0.034804757066998794,-0.02350729984281608,0.06328670685868522,-0.12154771928842992,-0.1778507819795767,-0.03900872450752963,-0.22223270383145055,0.012480384139199885
19,0.18435498743607406,-0.03928602509056463,0.2294620703808057,-0.10555619047941102,0.37434834106299986,-0.023425751466477907,-0.08304344109720807,0.0719903998612976,-0.13187121301663687,0.13858150316901827,0.016858466372067324,-0.014064986598286677,0.026460202225641234,-0.028115906491792922,0.051555183007292144,-0.11041498511545192,-0.1574716102062468,-0.023143080739909352,-0.21517946461718948,0.02012564557501968
20,0.1813110722227077,-0.03559144963158011,0.2274929132903205,-0.09491008675794084,0.35187812244583844,-0.018696808834006637,-0.0739469573308358,0.07960983434659231,-0.12198624473101362,0.14211678650281875,0.0086161556744341,-0.020880677153484788,0.019048364973699158,-0.03284777740718948,0.04138118350038193,-0.09486793683238151,-0.13800807710127397,-0.005600215220058107,-0.19642353554889086,0.02818606049233542
