"date","Government_Transfers"
1983-01-01,161.7
1983-02-01,161.8
1983-03-01,162.9
1983-04-01,164.1
1983-05-01,164.1
1983-06-01,163.9
1983-07-01,164.4
1983-08-01,163.8
1983-09-01,163.7
1983-10-01,163.7
1983-11-01,169
1983-12-01,170.1
1984-01-01,170.8
1984-02-01,170.4
1984-03-01,171.6
1984-04-01,173.4
1984-05-01,171.7
1984-06-01,172.9
1984-07-01,172.1
1984-08-01,173.5
1984-09-01,171.7
1984-10-01,172.8
1984-11-01,173.4
1984-12-01,182
1985-01-01,180.5
1985-02-01,181.6
1985-03-01,182.5
1985-04-01,181.6
1985-05-01,181.7
1985-06-01,182.6
1985-07-01,188.3
1985-08-01,183.3
1985-09-01,184.2
1985-10-01,183.8
1985-11-01,184.7
1985-12-01,184.5
1986-01-01,190.8
1986-02-01,190.9
1986-03-01,191.5
1986-04-01,191.1
1986-05-01,192.5
1986-06-01,192.7
1986-07-01,199
1986-08-01,194.2
1986-09-01,194.4
1986-10-01,195.3
1986-11-01,195
1986-12-01,196
1987-01-01,198.5
1987-02-01,199.5
1987-03-01,198.7
1987-04-01,199.1
1987-05-01,205.5
1987-06-01,200.3
1987-07-01,202
1987-08-01,200.9
1987-09-01,201.3
1987-10-01,202.6
1987-11-01,201.4
1987-12-01,201.9
1988-01-01,212.1
1988-02-01,211.7
1988-03-01,216.6
1988-04-01,214.2
1988-05-01,213
1988-06-01,213.3
1988-07-01,214
1988-08-01,214.3
1988-09-01,214.1
1988-10-01,214.4
1988-11-01,214.5
1988-12-01,214.5
1989-01-01,223.3
1989-02-01,224.1
1989-03-01,230.3
1989-04-01,227.2
1989-05-01,225.6
1989-06-01,227.5
1989-07-01,226.7
1989-08-01,228
1989-09-01,228.7
1989-10-01,227.4
1989-11-01,231.1
1989-12-01,228.6
1990-01-01,240.7
1990-02-01,240.3
1990-03-01,242.1
1990-04-01,243.6
1990-05-01,242.4
1990-06-01,245.4
1990-07-01,243.6
1990-08-01,242.9
1990-09-01,247.7
1990-10-01,245.1
1990-11-01,246.1
1990-12-01,249.8
1991-01-01,259.8
1991-02-01,260.9
1991-03-01,263.2
1991-04-01,262.8
1991-05-01,264.6
1991-06-01,263.6
1991-07-01,263.7
1991-08-01,266
1991-09-01,265.5
1991-10-01,265.1
1991-11-01,266
1991-12-01,269.4
1992-01-01,277.8
1992-02-01,278.1
1992-03-01,279.8
1992-04-01,280.9
1992-05-01,282.6
1992-06-01,281.7
1992-07-01,283.1
1992-08-01,282.6
1992-09-01,282.8
1992-10-01,284.7
1992-11-01,282.1
1992-12-01,285
1993-01-01,296.4
1993-02-01,294.5
1993-03-01,295.8
1993-04-01,297.9
1993-05-01,296.7
1993-06-01,296.6
1993-07-01,298.5
1993-08-01,298
1993-09-01,299.2
1993-10-01,299.4
1993-11-01,299.1
1993-12-01,303.2
1994-01-01,307.2
1994-02-01,308.8
1994-03-01,310.5
1994-04-01,311.9
1994-05-01,311.9
1994-06-01,311.5
1994-07-01,312.6
1994-08-01,312.9
1994-09-01,313.4
1994-10-01,314.1
1994-11-01,313.3
1994-12-01,317.9
1995-01-01,322.8
1995-02-01,324.9
1995-03-01,326.6
1995-04-01,326.6
1995-05-01,328.2
1995-06-01,327.8
1995-07-01,327.9
1995-08-01,327.9
1995-09-01,330.1
1995-10-01,328.7
1995-11-01,328
1995-12-01,332.6
1996-01-01,336
1996-02-01,338.7
1996-03-01,342.6
1996-04-01,341.1
1996-05-01,341.2
1996-06-01,341.9
1996-07-01,342.5
1996-08-01,343.1
1996-09-01,342.3
1996-10-01,342.9
1996-11-01,345.5
1996-12-01,346.2
1997-01-01,355.8
1997-02-01,350.7
1997-03-01,355.2
1997-04-01,355.1
1997-05-01,356.3
1997-06-01,356.2
1997-07-01,356.6
1997-08-01,358.4
1997-09-01,357.6
1997-10-01,358.2
1997-11-01,357.5
1997-12-01,361.5
1998-01-01,364.9
1998-02-01,366.2
1998-03-01,368.8
1998-04-01,367.6
1998-05-01,368.3
1998-06-01,368.7
1998-07-01,370.2
1998-08-01,370.1
1998-09-01,371.8
1998-10-01,370.1
1998-11-01,370.2
1998-12-01,373.3
1999-01-01,376.6
1999-02-01,376.2
1999-03-01,378.1
1999-04-01,378.7
1999-05-01,378.7
1999-06-01,379.5
1999-07-01,380
1999-08-01,381
1999-09-01,381.4
1999-10-01,383.2
1999-11-01,380.4
1999-12-01,384.7
2000-01-01,391.2
2000-02-01,392.1
2000-03-01,394.2
2000-04-01,395.1
2000-05-01,414.9
2000-06-01,404
2000-07-01,401.4
2000-08-01,403.8
2000-09-01,406.4
2000-10-01,403.6
2000-11-01,400.2
2000-12-01,409.8
2001-01-01,419.2
2001-02-01,420.5
2001-03-01,422.7
2001-04-01,423
2001-05-01,422.9
2001-06-01,422.2
2001-07-01,432.3
2001-08-01,426.6
2001-09-01,426.2
2001-10-01,425.8
2001-11-01,427.7
2001-12-01,431.9
2002-01-01,443
2002-02-01,445.6
2002-03-01,440
2002-04-01,445.4
2002-05-01,445.3
2002-06-01,445.8
2002-07-01,446.4
2002-08-01,448.3
2002-09-01,449.5
2002-10-01,446.9
2002-11-01,450.5
2002-12-01,456.2
2003-01-01,456.4
2003-02-01,457.6
2003-03-01,460.4
2003-04-01,460.2
2003-05-01,465.1
2003-06-01,464
2003-07-01,462.8
2003-08-01,466.1
2003-09-01,465.5
2003-10-01,465.7
2003-11-01,466.2
2003-12-01,472.6
2004-01-01,474.2
2004-02-01,482.2
2004-03-01,482.6
2004-04-01,484.1
2004-05-01,484.8
2004-06-01,485.5
2004-07-01,479.5
2004-08-01,492.8
2004-09-01,486.2
2004-10-01,488.2
2004-11-01,489
2004-12-01,497
2005-01-01,501.1
2005-02-01,510.2
2005-03-01,508.2
2005-04-01,513.2
2005-05-01,511.8
2005-06-01,513.6
2005-07-01,513.1
2005-08-01,515.1
2005-09-01,514
2005-10-01,515.4
2005-11-01,514.4
2005-12-01,522.7
2006-01-01,538.3
2006-02-01,535.1
2006-03-01,540.7
2006-04-01,542
2006-05-01,542.9
2006-06-01,546
2006-07-01,544.7
2006-08-01,544.8
2006-09-01,548.8
2006-10-01,545.7
2006-11-01,545.8
2006-12-01,554.3
2007-01-01,565.1
2007-02-01,567.6
2007-03-01,572.2
2007-04-01,570.7
2007-05-01,577.9
2007-06-01,576.5
2007-07-01,573.8
2007-08-01,577.5
2007-09-01,583.4
2007-10-01,576.4
2007-11-01,577.7
2007-12-01,589.2
2008-01-01,594
2008-02-01,594.5
2008-03-01,603.5
2008-04-01,599.6
2008-05-01,604.7
2008-06-01,604.3
2008-07-01,608.7
2008-08-01,608.4
2008-09-01,609.5
2008-10-01,609.3
2008-11-01,611.3
2008-12-01,618.7
2009-01-01,648.1
2009-02-01,651.9
2009-03-01,655.6
2009-04-01,661.9
2009-05-01,657.4
2009-06-01,668
2009-07-01,665.1
2009-08-01,662
2009-09-01,676.7
2009-10-01,673
2009-11-01,671.5
2009-12-01,682.5
2010-01-01,676.2
2010-02-01,678.6
2010-03-01,681.7
2010-04-01,688.9
2010-05-01,689.9
2010-06-01,689
2010-07-01,693.4
2010-08-01,690.7
2010-09-01,696.7
2010-10-01,696.4
2010-11-01,695.5
2010-12-01,705.1
2011-01-01,702.9
2011-02-01,701.6
2011-03-01,704.9
2011-04-01,712.8
2011-05-01,711.6
2011-06-01,711.7
2011-07-01,714.8
2011-08-01,715.7
2011-09-01,717.5
2011-10-01,718
2011-11-01,718.8
2011-12-01,728.7
2012-01-01,749.2
2012-02-01,752.2
2012-03-01,758.3
2012-04-01,756.8
2012-05-01,756.8
2012-06-01,764.6
2012-07-01,762.1
2012-08-01,759.6
2012-09-01,773.7
2012-10-01,763.1
2012-11-01,767.9
2012-12-01,781.5
2013-01-01,784.7
2013-02-01,789.4
2013-03-01,795.9
2013-04-01,786.2
2013-05-01,797.7
2013-06-01,801.7
2013-07-01,799.2
2013-08-01,803.9
2013-09-01,803.8
2013-10-01,803.4
2013-11-01,809.4
2013-12-01,813.1
2014-01-01,822.8
2014-02-01,824
2014-03-01,827.7
2014-04-01,829.9
2014-05-01,831.9
2014-06-01,833.2
2014-07-01,834.2
2014-08-01,836.1
2014-09-01,839.1
2014-10-01,841.2
2014-11-01,842.7
2014-12-01,852.8
2015-01-01,859.4
2015-02-01,861.3
2015-03-01,864.8
2015-04-01,866.2
2015-05-01,870.5
2015-06-01,868.8
2015-07-01,872.3
2015-08-01,874.7
2015-09-01,874.8
2015-10-01,877.3
2015-11-01,880.2
2015-12-01,891.2
2016-01-01,883.7
2016-02-01,887.3
2016-03-01,887.2
2016-04-01,893
2016-05-01,893.7
2016-06-01,892.9
2016-07-01,897
2016-08-01,899.9
2016-09-01,901.3
2016-10-01,910.6
2016-11-01,904.5
2016-12-01,906.6
2017-01-01,913.3
2017-02-01,915
2017-03-01,920.7
2017-04-01,918.9
2017-05-01,921.7
2017-06-01,925.4
2017-07-01,927.4
2017-08-01,929
2017-09-01,931.5
2017-10-01,939.3
2017-11-01,934.1
2017-12-01,936.6
2018-01-01,959.3
2018-02-01,958.1
2018-03-01,964.5
2018-04-01,965.1
2018-05-01,968.6
2018-06-01,971.3
2018-07-01,975.3
2018-08-01,978.4
2018-09-01,976.8
2018-10-01,986.3
2018-11-01,981.4
2018-12-01,983.9
2019-01-01,1016.6
2019-02-01,1018.5
2019-03-01,1022.5
2019-04-01,1023.7
2019-05-01,1026.5
2019-06-01,1029.9
2019-07-01,1031.8
2019-08-01,1034.2
2019-09-01,1037.3
2019-10-01,1045.5
