"date","EBP","Treasury_1Y","Treasury_2Y","Treasury_3Y","Treasury_5Y","Treasury_10Y","GDP","CPI","INDPRO","GDP_Deflator","Consumption","Disposable_Income","Private_Savings","Government_Spending","Government_Transfers","Tax_Revenues","Fiscal_Deficit","Unemployment_Rate","Nonfarm_Payrolls","Hours_Worked"
1983-01-01,0.234817270171229,8.86650793650794,9.54063492063492,9.79492063492063,10.1166666666667,10.555873015873,7400.066,98,47.7570333333333,46.938,4752.481,5520,810.153,1955.554,161.7,366.026,NA,10.3666666666667,88999,NA
1983-02-01,NA,NA,NA,NA,NA,NA,NA,NA,NA,NA,NA,5522.6,NA,NA,161.8,NA,NA,NA,NA,NA
1983-03-01,NA,NA,NA,NA,NA,NA,NA,NA,NA,NA,NA,5549.2,NA,NA,162.9,NA,NA,NA,NA,NA
1983-04-01,0.00825247643954603,9.19095238095238,9.75603174603175,9.92301587301587,10.237619047619,10.55,7568.456,99.1333333333333,48.826,47.286,4849.254,5561.3,801.361,1971.659,164.1,388.038,NA,10.1333333333333,89676.3333333333,NA
1983-05-01,NA,NA,NA,NA,NA,NA,NA,NA,NA,NA,NA,5572.5,NA,NA,164.1,NA,NA,NA,NA,NA
1983-06-01,NA,NA,NA,NA,NA,NA,NA,NA,NA,NA,NA,5576.8,NA,NA,163.9,NA,NA,NA,NA,NA
1983-07-01,-0.120870606714563,10.3028125,10.85796875,11.10171875,11.43140625,11.63640625,7719.746,100.1,50.4923,47.789,4936.211,5647,811.244,2005.68,164.4,377.326,NA,9.36666666666667,90604.3333333333,NA
1983-08-01,NA,NA,NA,NA,NA,NA,NA,NA,NA,NA,NA,5635.9,NA,NA,163.8,NA,NA,NA,NA,NA
1983-09-01,NA,NA,NA,NA,NA,NA,NA,NA,NA,NA,NA,5676.2,NA,NA,163.7,NA,NA,NA,NA,NA
1983-09-30,NA,NA,NA,NA,NA,NA,NA,NA,NA,NA,NA,NA,NA,NA,NA,NA,-207802,NA,NA,NA
1983-10-01,-0.00111718448992001,9.95333333333333,10.6935,10.9885,11.4128333333333,11.6891666666667,7880.794,101.1,51.8093333333333,48.151,5014.874,5726.4,851.462,1973.58,163.7,386.546,NA,8.53333333333333,91875,NA
1983-11-01,NA,NA,NA,NA,NA,NA,NA,NA,NA,NA,NA,5775,NA,NA,169,NA,NA,NA,NA,NA
1983-12-01,NA,NA,NA,NA,NA,NA,NA,NA,NA,NA,NA,5825.9,NA,NA,170.1,NA,NA,NA,NA,NA
1984-01-01,-0.0307166070103812,10.1888709677419,10.9246774193548,11.1996774193548,11.6522580645161,11.9545161290323,8034.847,102.533333333333,53.3410666666667,48.639,5056.492,5851.3,908.637,1994.498,170.8,401,NA,7.86666666666667,93086.3333333333,NA
1984-02-01,NA,NA,NA,NA,NA,NA,NA,NA,NA,NA,NA,5884.8,NA,NA,170.4,NA,NA,NA,NA,NA
1984-03-01,NA,NA,NA,NA,NA,NA,NA,NA,NA,NA,NA,5922.6,NA,NA,171.6,NA,NA,NA,NA,NA
1984-04-01,-0.127300090998018,11.5604761904762,12.3666666666667,12.6503174603175,13.0196825396825,13.2139682539683,8173.67,103.5,54.1713333333333,49.055,5127.332,5962.5,930.026,2037.823,173.4,407.192,NA,7.43333333333333,94123,NA
1984-05-01,NA,NA,NA,NA,NA,NA,NA,NA,NA,NA,NA,5971,NA,NA,171.7,NA,NA,NA,NA,NA
1984-06-01,NA,NA,NA,NA,NA,NA,NA,NA,NA,NA,NA,6010.3,NA,NA,172.9,NA,NA,NA,NA,NA
1984-07-01,-0.0295147120078531,11.8169841269841,12.5128571428571,12.6431746031746,12.8353968253968,12.8731746031746,8252.465,104.4,54.5356666666667,49.491,5165.357,6017.6,964.751,2054.317,172.1,409.792,NA,7.43333333333333,95055,NA
1984-08-01,NA,NA,NA,NA,NA,NA,NA,NA,NA,NA,NA,6058.5,NA,NA,173.5,NA,NA,NA,NA,NA
1984-09-01,NA,NA,NA,NA,NA,NA,NA,NA,NA,NA,NA,6101.7,NA,NA,171.7,NA,NA,NA,NA,NA
1984-09-30,NA,NA,NA,NA,NA,NA,NA,NA,NA,NA,NA,NA,NA,NA,NA,NA,-185367,NA,NA,NA
1984-10-01,-0.139510051594911,10.0470491803279,10.8386885245902,11.1309836065574,11.5067213114754,11.7606557377049,8320.199,105.3,54.5687333333333,49.861,5232.266,6079.2,970.95,2097.444,172.8,420.74,NA,7.3,95906,NA
1984-11-01,NA,NA,NA,NA,NA,NA,NA,NA,NA,NA,NA,6105.7,NA,NA,173.4,NA,NA,NA,NA,NA
1984-12-01,NA,NA,NA,NA,NA,NA,NA,NA,NA,NA,NA,6143.3,NA,NA,182,NA,NA,NA,NA,NA
1985-01-01,-0.0964220672354276,9.39833333333333,10.275,10.683,11.1978333333333,11.5865,8400.82,106.266666666667,54.76,50.354,5321.159,6141.6,919.739,2120.284,180.5,458.534,NA,7.23333333333333,96572.3333333333,NA
1985-02-01,NA,NA,NA,NA,NA,NA,NA,NA,NA,NA,NA,6085.2,NA,NA,181.6,NA,NA,NA,NA,NA
1985-03-01,NA,NA,NA,NA,NA,NA,NA,NA,NA,NA,NA,6057.8,NA,NA,182.5,NA,NA,NA,NA,NA
1985-04-01,-0.114064185059154,8.48047619047619,9.4015873015873,9.77365079365079,10.3255555555556,10.8234920634921,8474.787,107.233333333333,54.7901,50.678,5370.011,6159.5,967.092,2167.338,181.6,411.414,NA,7.3,97269.6666666667,NA
1985-05-01,NA,NA,NA,NA,NA,NA,NA,NA,NA,NA,NA,6310.8,NA,NA,181.7,NA,NA,NA,NA,NA
1985-06-01,NA,NA,NA,NA,NA,NA,NA,NA,NA,NA,NA,6178.9,NA,NA,182.6,NA,NA,NA,NA,NA
1985-07-01,0.0291895454402459,7.98603174603175,8.89603174603175,9.2815873015873,9.77142857142857,10.3355555555556,8604.22,107.9,54.7119,50.984,5472.014,6192.8,925.646,2216.743,188.3,449.822,NA,7.2,97844.3333333333,NA
1985-08-01,NA,NA,NA,NA,NA,NA,NA,NA,NA,NA,NA,6189,NA,NA,183.3,NA,NA,NA,NA,NA
1985-09-01,NA,NA,NA,NA,NA,NA,NA,NA,NA,NA,NA,6216.2,NA,NA,184.2,NA,NA,NA,NA,NA
1985-09-30,NA,NA,NA,NA,NA,NA,NA,NA,NA,NA,NA,NA,NA,NA,NA,NA,-212308,NA,NA,NA
1985-10-01,0.0930130219039372,7.85645161290323,8.53451612903226,8.84596774193548,9.23677419354839,9.76612903225806,8668.188,109,55.0245,51.269,5483.866,6247.8,943.814,2225.878,183.8,451.882,NA,7.03333333333333,98428.3333333333,NA
1985-11-01,NA,NA,NA,NA,NA,NA,NA,NA,NA,NA,NA,6258.1,NA,NA,184.7,NA,NA,NA,NA,NA
1985-12-01,NA,NA,NA,NA,NA,NA,NA,NA,NA,NA,NA,6296.4,NA,NA,184.5,NA,NA,NA,NA,NA
1986-01-01,0.17906212265104,7.45883333333333,7.77766666666667,7.94183333333333,8.1655,8.567,8749.127,109.566666666667,55.3558,51.524,5531.807,6308.5,950.98,2243.464,190.8,450.793,NA,7.03333333333333,98837.6666666667,NA
1986-02-01,NA,NA,NA,NA,NA,NA,NA,NA,NA,NA,NA,6341.7,NA,NA,190.9,NA,NA,NA,NA,NA
1986-03-01,NA,NA,NA,NA,NA,NA,NA,NA,NA,NA,NA,6406.5,NA,NA,191.5,NA,NA,NA,NA,NA
1986-04-01,0.197131999835022,6.6046875,6.9778125,7.174375,7.39984375,7.59796875,8788.524,109.033333333333,55.0214666666667,51.719,5592.08,6430.4,951.53,2290.227,191.1,452.337,NA,7.16666666666667,99174.6666666667,NA
1986-05-01,NA,NA,NA,NA,NA,NA,NA,NA,NA,NA,NA,6435.8,NA,NA,192.5,NA,NA,NA,NA,NA
1986-06-01,NA,NA,NA,NA,NA,NA,NA,NA,NA,NA,NA,6429.8,NA,NA,192.7,NA,NA,NA,NA,NA
1986-07-01,0.548309817550707,5.99515625,6.4496875,6.66265625,6.93015625,7.30546875,8872.601,109.7,55.2378,51.931,5690.971,6461.8,918.643,2340.115,199,462.097,NA,6.96666666666667,99665,NA
1986-08-01,NA,NA,NA,NA,NA,NA,NA,NA,NA,NA,NA,6469.4,NA,NA,194.2,NA,NA,NA,NA,NA
1986-09-01,NA,NA,NA,NA,NA,NA,NA,NA,NA,NA,NA,6472.9,NA,NA,194.4,NA,NA,NA,NA,NA
1986-09-30,NA,NA,NA,NA,NA,NA,NA,NA,NA,NA,NA,NA,NA,NA,NA,NA,-221227,NA,NA,NA
1986-10-01,0.562894742140027,5.79790322580645,6.2758064516129,6.48758064516129,6.75193548387097,7.26403225806452,8920.193,110.466666666667,55.8578,52.214,5725.812,6466,902.459,2330.449,195.3,482.909,NA,6.83333333333333,100312.666666667,NA
1986-11-01,NA,NA,NA,NA,NA,NA,NA,NA,NA,NA,NA,6466.7,NA,NA,195,NA,NA,NA,NA,NA
1986-12-01,NA,NA,NA,NA,NA,NA,NA,NA,NA,NA,NA,6473.8,NA,NA,196,NA,NA,NA,NA,NA
1987-01-01,0.482971684335431,5.92655737704918,6.35114754098361,6.51918032786885,6.74098360655738,7.19540983606557,8986.367,111.8,56.6085,52.548,5731.226,6494.2,953.93,2344.118,198.5,480.364,NA,6.6,100920.333333333,NA
1987-02-01,NA,NA,NA,NA,NA,NA,NA,NA,NA,NA,NA,6525,NA,NA,199.5,NA,NA,NA,NA,NA
1987-03-01,NA,NA,NA,NA,NA,NA,NA,NA,NA,NA,NA,6530.5,NA,NA,198.7,NA,NA,NA,NA,NA
1987-04-01,0.0139269963915563,6.76444444444444,7.45,7.71777777777778,7.94619047619048,8.34269841269841,9083.256,113.066666666667,57.611,52.912,5809.376,6282.3,914.833,2362.291,199.1,545.316,NA,6.26666666666667,101709,NA
1987-05-01,NA,NA,NA,NA,NA,NA,NA,NA,NA,NA,NA,6537,NA,NA,205.5,NA,NA,NA,NA,NA
1987-06-01,NA,NA,NA,NA,NA,NA,NA,NA,NA,NA,NA,6527.6,NA,NA,200.3,NA,NA,NA,NA,NA
1987-07-01,0.222447576896834,7.11859375,7.84,8.13828125,8.418125,8.8696875,9162.024,114.266666666667,58.6948333333333,53.313,5875.641,6545.8,966.994,2364.769,202,534.536,NA,6,102438,NA
1987-08-01,NA,NA,NA,NA,NA,NA,NA,NA,NA,NA,NA,6574,NA,NA,200.9,NA,NA,NA,NA,NA
1987-09-01,NA,NA,NA,NA,NA,NA,NA,NA,NA,NA,NA,6575.3,NA,NA,201.3,NA,NA,NA,NA,NA
1987-09-30,NA,NA,NA,NA,NA,NA,NA,NA,NA,NA,NA,NA,NA,NA,NA,NA,-149730,NA,NA,NA
1987-10-01,-0.169023830948316,7.25161290322581,7.99,8.29661290322581,8.63241935483871,9.12903225806452,9319.332,115.333333333333,60.0877,53.738,5888.065,6619.6,1024.804,2400.223,202.6,545.447,NA,5.83333333333333,103390.333333333,NA
1987-11-01,NA,NA,NA,NA,NA,NA,NA,NA,NA,NA,NA,6648.1,NA,NA,201.4,NA,NA,NA,NA,NA
1987-12-01,NA,NA,NA,NA,NA,NA,NA,NA,NA,NA,NA,6711.5,NA,NA,201.9,NA,NA,NA,NA,NA
1988-01-01,-0.038397512285746,6.77161290322581,7.35161290322581,7.57290322580645,7.90016129032258,8.41096774193548,9367.502,116.233333333333,60.6493333333333,54.159,5992.101,6730.2,1038.149,2380.198,212.1,538.868,NA,5.7,104152,NA
1988-02-01,NA,NA,NA,NA,NA,NA,NA,NA,NA,NA,NA,6773.5,NA,NA,211.7,NA,NA,NA,NA,NA
1988-03-01,NA,NA,NA,NA,NA,NA,NA,NA,NA,NA,NA,6804.3,NA,NA,216.6,NA,NA,NA,NA,NA
1988-04-01,0.0564420556853558,7.30587301587302,7.87730158730159,8.10142857142857,8.42571428571429,8.91285714285714,9490.594,117.566666666667,61.1799,54.686,6036.355,6830.1,1067.883,2387.303,214.2,542.697,NA,5.46666666666667,105006.666666667,NA
1988-05-01,NA,NA,NA,NA,NA,NA,NA,NA,NA,NA,NA,6841.7,NA,NA,213,NA,NA,NA,NA,NA
1988-06-01,NA,NA,NA,NA,NA,NA,NA,NA,NA,NA,NA,6868.5,NA,NA,213.3,NA,NA,NA,NA,NA
1988-07-01,0.040822809754483,8.015,8.46515625,8.6021875,8.76859375,9.10359375,9546.206,119,61.4065666666667,55.34,6090.001,6898.2,1079.072,2387.578,214,552.924,NA,5.46666666666667,105745.666666667,NA
1988-08-01,NA,NA,NA,NA,NA,NA,NA,NA,NA,NA,NA,6918.4,NA,NA,214.3,NA,NA,NA,NA,NA
1988-09-01,NA,NA,NA,NA,NA,NA,NA,NA,NA,NA,NA,6932.4,NA,NA,214.1,NA,NA,NA,NA,NA
1988-09-30,NA,NA,NA,NA,NA,NA,NA,NA,NA,NA,NA,NA,NA,NA,NA,NA,-155178,NA,NA,NA
1988-10-01,0.306608011860101,8.53344262295082,8.70918032786885,8.76229508196721,8.80213114754098,8.95704918032787,9673.405,120.3,61.838,55.818,6159.246,6969.9,1100.853,2433.9,214.4,564.743,NA,5.33333333333333,106597,NA
1988-11-01,NA,NA,NA,NA,NA,NA,NA,NA,NA,NA,NA,6971.9,NA,NA,214.5,NA,NA,NA,NA,NA
1988-12-01,NA,NA,NA,NA,NA,NA,NA,NA,NA,NA,NA,7005.2,NA,NA,214.5,NA,NA,NA,NA,NA
1989-01-01,0.363946951780532,9.30016393442623,9.41836065573771,9.38213114754098,9.3183606557377,9.2116393442623,9771.725,121.666666666667,62.1254,56.4,6187.816,7033.4,1110.016,2423.185,223.3,598.209,NA,5.2,107403,NA
1989-02-01,NA,NA,NA,NA,NA,NA,NA,NA,NA,NA,NA,7052.7,NA,NA,224.1,NA,NA,NA,NA,NA
1989-03-01,NA,NA,NA,NA,NA,NA,NA,NA,NA,NA,NA,7087.1,NA,NA,230.3,NA,NA,NA,NA,NA
1989-04-01,0.534444716845446,8.9134375,8.943125,8.9,8.8178125,8.75796875,9846.293,123.633333333333,61.8905666666667,57.001,6216.695,7050,1092.191,2460.441,227.2,594.565,NA,5.23333333333333,107910.333333333,NA
1989-05-01,NA,NA,NA,NA,NA,NA,NA,NA,NA,NA,NA,7017.2,NA,NA,225.6,NA,NA,NA,NA,NA
1989-06-01,NA,NA,NA,NA,NA,NA,NA,NA,NA,NA,NA,7036.7,NA,NA,227.5,NA,NA,NA,NA,NA
1989-07-01,0.698923783356724,8.10380952380952,8.08587301587302,8.0768253968254,8.03301587301587,8.10746031746032,9919.228,124.6,61.5088666666667,57.417,6276.877,7061.3,1095.288,2482.562,226.7,601.42,NA,5.23333333333333,108186,NA
1989-08-01,NA,NA,NA,NA,NA,NA,NA,NA,NA,NA,NA,7080,NA,NA,228,NA,NA,NA,NA,NA
1989-09-01,NA,NA,NA,NA,NA,NA,NA,NA,NA,NA,NA,7101.4,NA,NA,228.7,NA,NA,NA,NA,NA
1989-09-30,NA,NA,NA,NA,NA,NA,NA,NA,NA,NA,NA,NA,NA,NA,NA,NA,-152639,NA,NA,NA
1989-10-01,0.56380862293443,7.82951612903226,7.85177419354839,7.86467741935484,7.84274193548387,7.90709677419355,9938.767,125.866666666667,61.7479333333333,57.826,6304.157,7136.8,1102.587,2495.007,227.4,610.382,NA,5.36666666666667,108688,NA
1989-11-01,NA,NA,NA,NA,NA,NA,NA,NA,NA,NA,NA,7144,NA,NA,231.1,NA,NA,NA,NA,NA
1989-12-01,NA,NA,NA,NA,NA,NA,NA,NA,NA,NA,NA,7144.7,NA,NA,228.6,NA,NA,NA,NA,NA
1990-01-01,0.365047511607655,8.13145161290323,8.36483870967742,8.38596774193548,8.38370967741935,8.42387096774194,10047.386,128.033333333333,62.2061666666667,58.45,6357.213,7187.4,1130.6,2534.913,240.7,607.186,NA,5.3,109424,NA
1990-02-01,NA,NA,NA,NA,NA,NA,NA,NA,NA,NA,NA,7203.3,NA,NA,240.3,NA,NA,NA,NA,NA
1990-03-01,NA,NA,NA,NA,NA,NA,NA,NA,NA,NA,NA,7206.1,NA,NA,242.1,NA,NA,NA,NA,NA
1990-04-01,0.145715657820712,8.27095238095238,8.57111111111111,8.62285714285714,8.64428571428572,8.67412698412698,10083.855,129.3,62.6333,59.105,6376.579,7253.4,1176.992,2538.916,243.6,620.34,NA,5.33333333333333,109784,NA
1990-05-01,NA,NA,NA,NA,NA,NA,NA,NA,NA,NA,NA,7245.8,NA,NA,242.4,NA,NA,NA,NA,NA
1990-06-01,NA,NA,NA,NA,NA,NA,NA,NA,NA,NA,NA,7257.3,NA,NA,245.4,NA,NA,NA,NA,NA
1990-07-01,-0.0476766961014982,7.82825396825397,8.09873015873016,8.24873015873016,8.42460317460317,8.70126984126984,10090.569,131.533333333333,62.8760666666667,59.611,6401.841,7283.7,1142.032,2542.963,243.6,628.133,NA,5.7,109648,NA
1990-08-01,NA,NA,NA,NA,NA,NA,NA,NA,NA,NA,NA,7239.1,NA,NA,242.9,NA,NA,NA,NA,NA
1990-09-01,NA,NA,NA,NA,NA,NA,NA,NA,NA,NA,NA,7236.8,NA,NA,247.7,NA,NA,NA,NA,NA
1990-09-30,NA,NA,NA,NA,NA,NA,NA,NA,NA,NA,NA,NA,NA,NA,NA,NA,-221036,NA,NA,NA
1990-10-01,0.2666694851338,7.31306451612903,7.60612903225806,7.76725806451613,8.03532258064516,8.40596774193548,9998.704,133.766666666667,61.9028,60.055,6353.139,7178.7,1162.289,2559.964,245.1,626.593,NA,6.13333333333333,109255.666666667,NA
1990-11-01,NA,NA,NA,NA,NA,NA,NA,NA,NA,NA,NA,7181.9,NA,NA,246.1,NA,NA,NA,NA,NA
1990-12-01,NA,NA,NA,NA,NA,NA,NA,NA,NA,NA,NA,7224.7,NA,NA,249.8,NA,NA,NA,NA,NA
1991-01-01,0.304547273505254,6.442,7.036,7.2745,7.652,8.02283333333333,9951.916,134.766666666667,60.7179666666667,60.643,6329.249,7205.7,1233.378,2575.22,259.8,613.433,NA,6.6,108787,NA
1991-02-01,NA,NA,NA,NA,NA,NA,NA,NA,NA,NA,NA,7216.8,NA,NA,260.9,NA,NA,NA,NA,NA
1991-03-01,NA,NA,NA,NA,NA,NA,NA,NA,NA,NA,NA,7229.1,NA,NA,263.2,NA,NA,NA,NA,NA
1991-04-01,0.161829953417472,6.23796875,6.8940625,7.2421875,7.77484375,8.12546875,10029.51,135.566666666667,61.0384,61.088,6381.703,7258,1240.137,2585.693,262.8,612.927,NA,6.83333333333333,108311,NA
1991-05-01,NA,NA,NA,NA,NA,NA,NA,NA,NA,NA,NA,7259.5,NA,NA,264.6,NA,NA,NA,NA,NA
1991-06-01,NA,NA,NA,NA,NA,NA,NA,NA,NA,NA,NA,7296.7,NA,NA,263.6,NA,NA,NA,NA,NA
1991-07-01,0.168365587815375,5.89515625,6.52109375,6.90328125,7.501875,7.95,10080.195,136.6,61.8932666666667,61.566,6413.521,7282,1241.87,2578.454,263.7,616.693,NA,6.86666666666667,108308.333333333,NA
1991-08-01,NA,NA,NA,NA,NA,NA,NA,NA,NA,NA,NA,7298.3,NA,NA,266,NA,NA,NA,NA,NA
1991-09-01,NA,NA,NA,NA,NA,NA,NA,NA,NA,NA,NA,7317.7,NA,NA,265.5,NA,NA,NA,NA,NA
1991-09-30,NA,NA,NA,NA,NA,NA,NA,NA,NA,NA,NA,NA,NA,NA,NA,NA,-269238,NA,NA,NA
1991-10-01,0.168465008704822,4.87387096774194,5.50370967741936,5.84612903225806,6.56161290322581,7.345,10115.329,137.733333333333,62.0192666666667,61.931,6410.312,7328,1289.488,2559.584,265.1,625.41,NA,7.1,108330.333333333,NA
1991-11-01,NA,NA,NA,NA,NA,NA,NA,NA,NA,NA,NA,7338.4,NA,NA,266,NA,NA,NA,NA,NA
1991-12-01,NA,NA,NA,NA,NA,NA,NA,NA,NA,NA,NA,7403.6,NA,NA,269.4,NA,NA,NA,NA,NA
1992-01-01,0.0677556584167546,4.36435483870968,5.29387096774194,5.77451612903226,6.59483870967742,7.30693548387097,10236.435,138.666666666667,61.9267666666667,62.161,6530.335,7474.8,1332.624,2582.28,277.8,627.451,NA,7.36666666666667,108348,NA
1992-02-01,NA,NA,NA,NA,NA,NA,NA,NA,NA,NA,NA,7507.2,NA,NA,278.1,NA,NA,NA,NA,NA
1992-03-01,NA,NA,NA,NA,NA,NA,NA,NA,NA,NA,NA,7513.8,NA,NA,279.8,NA,NA,NA,NA,NA
1992-04-01,0.0159755180407748,4.21777777777778,5.2031746031746,5.7752380952381,6.64984126984127,7.37603174603175,10347.429,139.733333333333,63.0457666666667,62.535,6574.665,7535,1356.959,2577.285,280.9,637.932,NA,7.6,108622.666666667,NA
1992-05-01,NA,NA,NA,NA,NA,NA,NA,NA,NA,NA,NA,7570.2,NA,NA,282.6,NA,NA,NA,NA,NA
1992-06-01,NA,NA,NA,NA,NA,NA,NA,NA,NA,NA,NA,7601.6,NA,NA,281.7,NA,NA,NA,NA,NA
1992-07-01,0.0663355823030336,3.42015625,4.15078125,4.685625,5.60796875,6.61875,10449.673,140.8,63.5497333333333,62.841,6645.14,7595.9,1328.346,2593.701,283.1,642.804,NA,7.63333333333333,108886.666666667,NA
1992-08-01,NA,NA,NA,NA,NA,NA,NA,NA,NA,NA,NA,7622.6,NA,NA,282.6,NA,NA,NA,NA,NA
1992-09-01,NA,NA,NA,NA,NA,NA,NA,NA,NA,NA,NA,7586.9,NA,NA,282.8,NA,NA,NA,NA,NA
1992-09-30,NA,NA,NA,NA,NA,NA,NA,NA,NA,NA,NA,NA,NA,NA,NA,NA,-290321,NA,NA,NA
1992-10-01,0.0959063090984632,3.56387096774194,4.44467741935484,4.99629032258064,5.90322580645161,6.74032258064516,10558.648,142.033333333333,64.1974666666667,63.273,6724.342,7537.9,1327.072,2593.4,284.7,673.51,NA,7.36666666666667,109308,NA
1992-11-01,NA,NA,NA,NA,NA,NA,NA,NA,NA,NA,NA,7549.3,NA,NA,282.1,NA,NA,NA,NA,NA
1992-12-01,NA,NA,NA,NA,NA,NA,NA,NA,NA,NA,NA,7818.6,NA,NA,285,NA,NA,NA,NA,NA
1993-01-01,0.055414621876642,3.40032786885246,4.13311475409836,4.62213114754098,5.46672131147541,6.25819672131148,10576.275,143.066666666667,64.7863,63.628,6750.123,7648.1,1328.363,2561.222,296.4,656.938,NA,7.13333333333333,109947,NA
1993-02-01,NA,NA,NA,NA,NA,NA,NA,NA,NA,NA,NA,7684.5,NA,NA,294.5,NA,NA,NA,NA,NA
1993-03-01,NA,NA,NA,NA,NA,NA,NA,NA,NA,NA,NA,7660.8,NA,NA,295.8,NA,NA,NA,NA,NA
1993-04-01,0.024138731123889,3.38412698412698,3.99571428571429,4.41460317460317,5.18285714285714,5.98809523809524,10637.847,144.1,64.9147333333333,64.007,6811.522,7700.6,1328.917,2561.456,297.9,694.565,NA,7.06666666666667,110537.666666667,NA
1993-05-01,NA,NA,NA,NA,NA,NA,NA,NA,NA,NA,NA,7689.4,NA,NA,296.7,NA,NA,NA,NA,NA
1993-06-01,NA,NA,NA,NA,NA,NA,NA,NA,NA,NA,NA,7675.1,NA,NA,296.6,NA,NA,NA,NA,NA
1993-07-01,-0.00784740837513846,3.42515625,3.97390625,4.32015625,4.95140625,5.6153125,10688.606,144.766666666667,65.1678666666667,64.387,6887.329,7694.3,1312.466,2565.1,298.5,699.151,NA,6.8,111234,NA
1993-08-01,NA,NA,NA,NA,NA,NA,NA,NA,NA,NA,NA,7705.4,NA,NA,298,NA,NA,NA,NA,NA
1993-09-01,NA,NA,NA,NA,NA,NA,NA,NA,NA,NA,NA,7684.4,NA,NA,299.2,NA,NA,NA,NA,NA
1993-09-30,NA,NA,NA,NA,NA,NA,NA,NA,NA,NA,NA,NA,NA,NA,NA,NA,-255051,NA,NA,NA
1993-10-01,-0.0983599993571536,3.52870967741935,4.085,4.40870967741936,4.97790322580645,5.61596774193548,10833.987,145.966666666667,66.1821,64.738,6947.788,7646.9,1329.359,2574.165,299.4,746.417,NA,6.63333333333333,112015.333333333,NA
1993-11-01,NA,NA,NA,NA,NA,NA,NA,NA,NA,NA,NA,7668.1,NA,NA,299.1,NA,NA,NA,NA,NA
1993-12-01,NA,NA,NA,NA,NA,NA,NA,NA,NA,NA,NA,7929.4,NA,NA,303.2,NA,NA,NA,NA,NA
1994-01-01,-0.321913720847102,3.92967741935484,4.55967741935484,4.92725806451613,5.49838709677419,6.09032258064516,10939.116,146.7,66.9881,65.048,7027.255,7780.4,1338.609,2542.324,307.2,727.521,NA,6.56666666666667,112876,NA
1994-02-01,NA,NA,NA,NA,NA,NA,NA,NA,NA,NA,NA,7795,NA,NA,308.8,NA,NA,NA,NA,NA
1994-03-01,NA,NA,NA,NA,NA,NA,NA,NA,NA,NA,NA,7820.5,NA,NA,310.5,NA,NA,NA,NA,NA
1994-04-01,-0.286715741441516,5.14483870967742,5.82677419354839,6.20725806451613,6.67161290322581,7.08951612903226,11087.361,147.533333333333,68.2156333333333,65.362,7081.931,7820.4,1370.342,2554.916,311.9,767.039,NA,6.2,113916.666666667,NA
1994-05-01,NA,NA,NA,NA,NA,NA,NA,NA,NA,NA,NA,7910.6,NA,NA,311.9,NA,NA,NA,NA,NA
1994-06-01,NA,NA,NA,NA,NA,NA,NA,NA,NA,NA,NA,7898.1,NA,NA,311.5,NA,NA,NA,NA,NA
1994-07-01,-0.313605206129634,5.60125,6.233125,6.55421875,6.95515625,7.32796875,11152.176,148.9,69.0974666666667,65.737,7135.93,7905,1387.187,2597.991,312.6,770.302,NA,6,114918.666666667,NA
1994-08-01,NA,NA,NA,NA,NA,NA,NA,NA,NA,NA,NA,7914.4,NA,NA,312.9,NA,NA,NA,NA,NA
1994-09-01,NA,NA,NA,NA,NA,NA,NA,NA,NA,NA,NA,7949,NA,NA,313.4,NA,NA,NA,NA,NA
1994-09-30,NA,NA,NA,NA,NA,NA,NA,NA,NA,NA,NA,NA,NA,NA,NA,NA,-203186,NA,NA,NA
1994-10-01,-0.23638767449629,6.60573770491803,7.16262295081967,7.40213114754098,7.63459016393443,7.8372131147541,11279.932,149.766666666667,70.5131,66.093,7213.079,8024.4,1434.131,2575.394,314.1,788.991,NA,5.63333333333333,115832.666666667,NA
1994-11-01,NA,NA,NA,NA,NA,NA,NA,NA,NA,NA,NA,8023.9,NA,NA,313.3,NA,NA,NA,NA,NA
1994-12-01,NA,NA,NA,NA,NA,NA,NA,NA,NA,NA,NA,8060.2,NA,NA,317.9,NA,NA,NA,NA,NA
1995-01-01,-0.245642771866008,6.71258064516129,7.11451612903226,7.24951612903226,7.37354838709677,7.47129032258065,11319.951,150.866666666667,71.2592333333333,66.452,7231.032,8086,1477.382,2584.415,322.8,803.103,NA,5.46666666666667,116702.333333333,NA
1995-02-01,NA,NA,NA,NA,NA,NA,NA,NA,NA,NA,NA,8102,NA,NA,324.9,NA,NA,NA,NA,NA
1995-03-01,NA,NA,NA,NA,NA,NA,NA,NA,NA,NA,NA,8124.2,NA,NA,326.6,NA,NA,NA,NA,NA
1995-04-01,-0.199360866391245,5.95444444444444,6.13174603174603,6.22888888888889,6.37920634920635,6.60015873015873,11353.721,152.1,71.5003,66.771,7294.424,8064,1480.284,2593.101,326.6,826.947,NA,5.66666666666667,117134.333333333,NA
1995-05-01,NA,NA,NA,NA,NA,NA,NA,NA,NA,NA,NA,8145.6,NA,NA,328.2,NA,NA,NA,NA,NA
1995-06-01,NA,NA,NA,NA,NA,NA,NA,NA,NA,NA,NA,8169.8,NA,NA,327.8,NA,NA,NA,NA,NA
1995-07-01,-0.190383525458342,5.66015873015873,5.8615873015873,5.96650793650794,6.09222222222222,6.32920634920635,11450.31,152.866666666667,72.2038333333333,67.1,7360.529,8187.8,1514.121,2586.304,327.9,830.271,NA,5.66666666666667,117633.666666667,NA
1995-08-01,NA,NA,NA,NA,NA,NA,NA,NA,NA,NA,NA,8193,NA,NA,327.9,NA,NA,NA,NA,NA
1995-09-01,NA,NA,NA,NA,NA,NA,NA,NA,NA,NA,NA,8219.4,NA,NA,330.1,NA,NA,NA,NA,NA
1995-09-30,NA,NA,NA,NA,NA,NA,NA,NA,NA,NA,NA,NA,NA,NA,NA,NA,-163952,NA,NA,NA
1995-10-01,-0.0386593524353462,5.44564516129032,5.50290322580645,5.57903225806452,5.69306451612903,5.89854838709677,11528.067,153.7,72.7983333333333,67.423,7411.873,8228.4,1522.013,2559.248,328.7,842.468,NA,5.56666666666667,118172,NA
1995-11-01,NA,NA,NA,NA,NA,NA,NA,NA,NA,NA,NA,8250.5,NA,NA,328,NA,NA,NA,NA,NA
1995-12-01,NA,NA,NA,NA,NA,NA,NA,NA,NA,NA,NA,8261.3,NA,NA,332.6,NA,NA,NA,NA,NA
1996-01-01,-0.21657522936394,5.12693548387097,5.27016129032258,5.38161290322581,5.57241935483871,5.91048387096774,11614.418,155.066666666667,73.2909,67.747,7480.231,8272.1,1557.68,2576.137,336,875.999,NA,5.53333333333333,118682.333333333,NA
1996-02-01,NA,NA,NA,NA,NA,NA,NA,NA,NA,NA,NA,8335.8,NA,NA,338.7,NA,NA,NA,NA,NA
1996-03-01,NA,NA,NA,NA,NA,NA,NA,NA,NA,NA,NA,8362.4,NA,NA,342.6,NA,NA,NA,NA,NA
1996-04-01,-0.260544382767237,5.656875,6.11078125,6.281875,6.485,6.7140625,11808.14,156.4,74.8777,68.028,7560.702,8311.8,1554.216,2608.232,341.1,921.58,NA,5.5,119475,NA
1996-05-01,NA,NA,NA,NA,NA,NA,NA,NA,NA,NA,NA,8416.8,NA,NA,341.2,NA,NA,NA,NA,NA
1996-06-01,NA,NA,NA,NA,NA,NA,NA,NA,NA,NA,NA,8467.1,NA,NA,341.9,NA,NA,NA,NA,NA
1996-07-01,-0.334082481734698,5.78203125,6.1759375,6.35421875,6.53890625,6.7759375,11914.063,157.3,75.8706,68.251,7606.475,8444,1573.197,2608.223,342.5,923.88,NA,5.26666666666667,120205.666666667,NA
1996-08-01,NA,NA,NA,NA,NA,NA,NA,NA,NA,NA,NA,8464.7,NA,NA,343.1,NA,NA,NA,NA,NA
1996-09-01,NA,NA,NA,NA,NA,NA,NA,NA,NA,NA,NA,8483.9,NA,NA,342.3,NA,NA,NA,NA,NA
1996-09-30,NA,NA,NA,NA,NA,NA,NA,NA,NA,NA,NA,NA,NA,NA,NA,NA,-107431,NA,NA,NA
1996-10-01,-0.304940361280443,5.48467741935484,5.80370967741935,5.94064516129032,6.1108064516129,6.3541935483871,12037.775,158.666666666667,76.9704666666667,68.615,7667.062,8482.7,1584.445,2626.227,342.9,946.372,NA,5.33333333333333,120918.333333333,NA
1996-11-01,NA,NA,NA,NA,NA,NA,NA,NA,NA,NA,NA,8505.1,NA,NA,345.5,NA,NA,NA,NA,NA
1996-12-01,NA,NA,NA,NA,NA,NA,NA,NA,NA,NA,NA,8533.1,NA,NA,346.2,NA,NA,NA,NA,NA
1997-01-01,-0.406802551390712,5.64583333333333,6.04466666666667,6.191,6.35866666666667,6.567,12115.472,159.633333333333,78.4405,69.025,7747.88,8556.4,1617.854,2612.572,355.8,978.033,NA,5.23333333333333,121673.333333333,NA
1997-02-01,NA,NA,NA,NA,NA,NA,NA,NA,NA,NA,NA,8579.2,NA,NA,350.7,NA,NA,NA,NA,NA
1997-03-01,NA,NA,NA,NA,NA,NA,NA,NA,NA,NA,NA,8619,NA,NA,355.2,NA,NA,NA,NA,NA
1997-04-01,-0.447487853330058,5.85203125,6.2759375,6.4240625,6.5703125,6.6996875,12317.221,160,79.5890666666667,69.162,7782.76,8624.5,1667.383,2646.418,355.1,1004.394,NA,5,122555,NA
1997-05-01,NA,NA,NA,NA,NA,NA,NA,NA,NA,NA,NA,8661.9,NA,NA,356.3,NA,NA,NA,NA,NA
1997-06-01,NA,NA,NA,NA,NA,NA,NA,NA,NA,NA,NA,8689.7,NA,NA,356.2,NA,NA,NA,NA,NA
1997-07-01,-0.50874958173267,5.5434375,5.90375,6.01203125,6.12890625,6.2421875,12471.01,160.8,81.4491333333333,69.464,7915.359,8723.1,1674.132,2658.663,356.6,1032.495,NA,4.86666666666667,123258.666666667,NA
1997-08-01,NA,NA,NA,NA,NA,NA,NA,NA,NA,NA,NA,8768.6,NA,NA,358.4,NA,NA,NA,NA,NA
1997-09-01,NA,NA,NA,NA,NA,NA,NA,NA,NA,NA,NA,8791.5,NA,NA,357.6,NA,NA,NA,NA,NA
1997-09-30,NA,NA,NA,NA,NA,NA,NA,NA,NA,NA,NA,NA,NA,NA,NA,NA,-21884,NA,NA,NA
1997-10-01,-0.367881727712786,5.48096774193548,5.73451612903226,5.78016129032258,5.83709677419355,5.90629032258065,12577.495,161.666666666667,83.4987333333333,69.695,8009.964,8834.8,1699.375,2672.005,358.2,1045.441,NA,4.66666666666667,124232.666666667,NA
1997-11-01,NA,NA,NA,NA,NA,NA,NA,NA,NA,NA,NA,8892.2,NA,NA,357.5,NA,NA,NA,NA,NA
1997-12-01,NA,NA,NA,NA,NA,NA,NA,NA,NA,NA,NA,8944.3,NA,NA,361.5,NA,NA,NA,NA,NA
1998-01-01,-0.331210084854421,5.31672131147541,5.44967213114754,5.46262295081967,5.51049180327869,5.59098360655738,12703.742,162,84.4227,69.794,8090.987,9022.9,1707.949,2662.448,364.9,1063.588,NA,4.63333333333333,124996,NA
1998-02-01,NA,NA,NA,NA,NA,NA,NA,NA,NA,NA,NA,9081.2,NA,NA,366.2,NA,NA,NA,NA,NA
1998-03-01,NA,NA,NA,NA,NA,NA,NA,NA,NA,NA,NA,9134.4,NA,NA,368.8,NA,NA,NA,NA,NA
1998-04-01,-0.347420552431842,5.40873015873016,5.55809523809524,5.56761904761905,5.58634920634921,5.59301587301587,12821.339,162.533333333333,84.9798,69.959,8233.463,9164.1,1705.958,2709.053,367.6,1081.512,NA,4.4,125788.666666667,NA
1998-05-01,NA,NA,NA,NA,NA,NA,NA,NA,NA,NA,NA,9202,NA,NA,368.3,NA,NA,NA,NA,NA
1998-06-01,NA,NA,NA,NA,NA,NA,NA,NA,NA,NA,NA,9254.2,NA,NA,368.7,NA,NA,NA,NA,NA
1998-07-01,-0.00566725838719425,5.095625,5.13609375,5.11265625,5.1253125,5.20734375,12982.752,163.366666666667,85.6495666666667,70.255,8340.831,9270,1714.713,2729.468,370.2,1108.773,NA,4.53333333333333,126500.666666667,NA
1998-08-01,NA,NA,NA,NA,NA,NA,NA,NA,NA,NA,NA,9299.3,NA,NA,370.1,NA,NA,NA,NA,NA
1998-09-01,NA,NA,NA,NA,NA,NA,NA,NA,NA,NA,NA,9325.5,NA,NA,371.8,NA,NA,NA,NA,NA
1998-09-30,NA,NA,NA,NA,NA,NA,NA,NA,NA,NA,NA,NA,NA,NA,NA,NA,69270,NA,NA,NA
1998-10-01,0.175742639753823,4.38612903225806,4.37629032258064,4.40790322580645,4.38677419354839,4.66193548387097,13191.67,164.133333333333,86.8785,70.453,8461.33,9337.5,1685.314,2745.584,370.1,1127.159,NA,4.43333333333333,127255.333333333,NA
1998-11-01,NA,NA,NA,NA,NA,NA,NA,NA,NA,NA,NA,9374.6,NA,NA,370.2,NA,NA,NA,NA,NA
1998-12-01,NA,NA,NA,NA,NA,NA,NA,NA,NA,NA,NA,9391.7,NA,NA,373.3,NA,NA,NA,NA,NA
1999-01-01,-0.0748369696351627,4.67360655737705,4.8616393442623,4.88786885245902,4.90196721311475,5.00081967213115,13315.597,164.733333333333,87.9162,70.682,8548.235,9444.1,1775.788,2765.048,376.6,1142.659,NA,4.3,128016.666666667,NA
1999-02-01,NA,NA,NA,NA,NA,NA,NA,NA,NA,NA,NA,9476.2,NA,NA,376.2,NA,NA,NA,NA,NA
1999-03-01,NA,NA,NA,NA,NA,NA,NA,NA,NA,NA,NA,9484.1,NA,NA,378.1,NA,NA,NA,NA,NA
1999-04-01,-0.1607469570231,4.87953125,5.28421875,5.35484375,5.44203125,5.54125,13426.748,165.966666666667,88.7789666666667,70.949,8679.143,9453,1701.679,2775.035,378.7,1158.005,NA,4.26666666666667,128830.666666667,NA
1999-05-01,NA,NA,NA,NA,NA,NA,NA,NA,NA,NA,NA,9469.3,NA,NA,378.7,NA,NA,NA,NA,NA
1999-06-01,NA,NA,NA,NA,NA,NA,NA,NA,NA,NA,NA,9501.3,NA,NA,379.5,NA,NA,NA,NA,NA
1999-07-01,0.0146943717689444,5.1609375,5.63234375,5.7109375,5.775,5.88296875,13604.771,167.2,89.5518666666667,71.2,8776.715,9519,1680.739,2808.44,380,1182.148,NA,4.23333333333333,129588.333333333,NA
1999-08-01,NA,NA,NA,NA,NA,NA,NA,NA,NA,NA,NA,9559.1,NA,NA,381,NA,NA,NA,NA,NA
1999-09-01,NA,NA,NA,NA,NA,NA,NA,NA,NA,NA,NA,9546.7,NA,NA,381.4,NA,NA,NA,NA,NA
1999-09-30,NA,NA,NA,NA,NA,NA,NA,NA,NA,NA,NA,NA,NA,NA,NA,NA,125610,NA,NA,NA
1999-10-01,0.0374475399683359,5.6158064516129,5.94822580645161,6.0058064516129,6.06693548387097,6.14483870967742,13827.98,168.433333333333,91.0494,71.595,8905.093,9598.7,1689.93,2852.137,383.2,1215.337,NA,4.06666666666667,130475.666666667,NA
1999-11-01,NA,NA,NA,NA,NA,NA,NA,NA,NA,NA,NA,9660.9,NA,NA,380.4,NA,NA,NA,NA,NA
1999-12-01,NA,NA,NA,NA,NA,NA,NA,NA,NA,NA,NA,9735.9,NA,NA,384.7,NA,NA,NA,NA,NA
2000-01-01,0.205423415159677,6.18888888888889,6.52634920634921,6.55523809523809,6.5831746031746,6.4684126984127,13878.147,170.1,91.8374333333333,72.071,9039.743,9799.9,1699.983,2831.903,391.2,1272.073,NA,4.03333333333333,131245,NA
2000-02-01,NA,NA,NA,NA,NA,NA,NA,NA,NA,NA,NA,9837.9,NA,NA,392.1,NA,NA,NA,NA,NA
2000-03-01,NA,NA,NA,NA,NA,NA,NA,NA,NA,NA,NA,9864,NA,NA,394.2,NA,NA,NA,NA,NA
2000-04-01,0.706148026421044,6.21968253968254,6.57269841269841,6.52444444444444,6.42444444444444,6.18492063492064,14130.908,171.433333333333,92.8783333333333,72.52,9124.152,9913.7,1723.755,2859.814,395.1,1284.187,NA,3.93333333333333,132017.333333333,NA
2000-05-01,NA,NA,NA,NA,NA,NA,NA,NA,NA,NA,NA,9954.5,NA,NA,414.9,NA,NA,NA,NA,NA
2000-06-01,NA,NA,NA,NA,NA,NA,NA,NA,NA,NA,NA,9982.3,NA,NA,404,NA,NA,NA,NA,NA
2000-07-01,1.01640411530454,6.13285714285714,6.21698412698413,6.1568253968254,6.05825396825397,5.88984126984127,14145.312,173,92.7787,72.944,9211.569,10035.9,1760.037,2847.75,401.4,1291.65,NA,4,132266.333333333,NA
2000-08-01,NA,NA,NA,NA,NA,NA,NA,NA,NA,NA,NA,10098.3,NA,NA,403.8,NA,NA,NA,NA,NA
2000-09-01,NA,NA,NA,NA,NA,NA,NA,NA,NA,NA,NA,10110.3,NA,NA,406.4,NA,NA,NA,NA,NA
2000-09-30,NA,NA,NA,NA,NA,NA,NA,NA,NA,NA,NA,NA,NA,NA,NA,NA,236241,NA,NA,NA
2000-10-01,1.58523327842018,5.90709677419355,5.71903225806452,5.63661290322581,5.55564516129032,5.57064516129032,14229.765,174.233333333333,92.5344,73.337,9292.05,10139.2,1729.137,2865.194,403.6,1306.215,NA,3.9,132541.333333333,NA
2000-11-01,NA,NA,NA,NA,NA,NA,NA,NA,NA,NA,NA,10143.5,NA,NA,400.2,NA,NA,NA,NA,NA
2000-12-01,NA,NA,NA,NA,NA,NA,NA,NA,NA,NA,NA,10164.3,NA,NA,409.8,NA,NA,NA,NA,NA
2001-01-01,1.15524030095136,4.59161290322581,4.58016129032258,4.63112903225806,4.79048387096774,5.0441935483871,14183.12,175.9,91.4405333333333,73.822,9325.751,10211.7,1824.719,2909.984,419.2,1301,NA,4.23333333333333,132747.333333333,NA
2001-02-01,NA,NA,NA,NA,NA,NA,NA,NA,NA,NA,NA,10223.4,NA,NA,420.5,NA,NA,NA,NA,NA
2001-03-01,NA,NA,NA,NA,NA,NA,NA,NA,NA,NA,NA,10254.4,NA,NA,422.7,NA,NA,NA,NA,NA
2001-04-01,0.91192513428121,3.77492063492064,4.19174603174603,4.42746031746032,4.83539682539683,5.27619047619048,14271.694,177.133333333333,90.341,74.266,9344.486,10233.1,1871.755,2960.454,423,1291.202,NA,4.4,132388.666666667,NA
2001-05-01,NA,NA,NA,NA,NA,NA,NA,NA,NA,NA,NA,10214.7,NA,NA,422.9,NA,NA,NA,NA,NA
2001-06-01,NA,NA,NA,NA,NA,NA,NA,NA,NA,NA,NA,10218.1,NA,NA,422.2,NA,NA,NA,NA,NA
2001-07-01,0.934704721041187,3.34098360655738,3.67622950819672,3.96901639344262,4.51081967213115,4.99573770491803,14214.516,177.633333333333,89.0838666666667,74.558,9377.003,10370.7,2028.167,2957.571,432.3,1104.283,NA,4.83333333333333,131985.333333333,NA
2001-08-01,NA,NA,NA,NA,NA,NA,NA,NA,NA,NA,NA,10543.1,NA,NA,426.6,NA,NA,NA,NA,NA
2001-09-01,NA,NA,NA,NA,NA,NA,NA,NA,NA,NA,NA,10452.8,NA,NA,426.2,NA,NA,NA,NA,NA
2001-09-30,NA,NA,NA,NA,NA,NA,NA,NA,NA,NA,NA,NA,NA,NA,NA,NA,128236,NA,NA,NA
2001-10-01,0.458204222016438,2.24548387096774,2.86709677419355,3.32209677419355,4.08483870967742,4.76209677419355,14253.574,177.5,88.1358666666667,74.792,9528.302,10267.7,1831.288,3006.637,425.8,1210.806,NA,5.5,131193,NA
2001-11-01,NA,NA,NA,NA,NA,NA,NA,NA,NA,NA,NA,10279.7,NA,NA,427.7,NA,NA,NA,NA,NA
2001-12-01,NA,NA,NA,NA,NA,NA,NA,NA,NA,NA,NA,10298.9,NA,NA,431.9,NA,NA,NA,NA,NA
2002-01-01,0.549337275210558,2.31816666666667,3.2005,3.7485,4.4595,5.07916666666667,14372.785,178.066666666667,88.738,75.027,9549.516,10514.7,2085.823,3059.334,443,1055.567,NA,5.7,130772.666666667,NA
2002-02-01,NA,NA,NA,NA,NA,NA,NA,NA,NA,NA,NA,10531.6,NA,NA,445.6,NA,NA,NA,NA,NA
2002-03-01,NA,NA,NA,NA,NA,NA,NA,NA,NA,NA,NA,10539,NA,NA,440,NA,NA,NA,NA,NA
2002-04-01,0.640331688846126,2.34671875,3.23390625,3.7734375,4.45046875,5.10609375,14460.848,179.466666666667,90.0913666666667,75.289,9597.82,10574.2,2148.258,3082.755,445.4,1051.808,NA,5.83333333333333,130640.666666667,NA
2002-05-01,NA,NA,NA,NA,NA,NA,NA,NA,NA,NA,NA,10616.5,NA,NA,445.3,NA,NA,NA,NA,NA
2002-06-01,NA,NA,NA,NA,NA,NA,NA,NA,NA,NA,NA,10648.2,NA,NA,445.8,NA,NA,NA,NA,NA
2002-07-01,1.59756154516028,1.8140625,2.23875,2.62609375,3.359375,4.27234375,14519.633,180.433333333333,90.6354,75.65,9664.988,10621,2151.302,3098.595,446.4,1047.885,NA,5.73333333333333,130555.666666667,NA
2002-08-01,NA,NA,NA,NA,NA,NA,NA,NA,NA,NA,NA,10623,NA,NA,448.3,NA,NA,NA,NA,NA
2002-09-01,NA,NA,NA,NA,NA,NA,NA,NA,NA,NA,NA,10633.6,NA,NA,449.5,NA,NA,NA,NA,NA
2002-09-30,NA,NA,NA,NA,NA,NA,NA,NA,NA,NA,NA,NA,NA,NA,NA,NA,-157758,NA,NA,NA
2002-10-01,1.15610201801597,1.53370967741935,1.88967741935484,2.26612903225806,3.00854838709677,4.00483870967742,14537.58,181.5,90.6335333333333,76.089,9718.745,10661.8,2236.973,3121.374,446.9,1057.477,NA,5.86666666666667,130566,NA
2002-11-01,NA,NA,NA,NA,NA,NA,NA,NA,NA,NA,NA,10690.9,NA,NA,450.5,NA,NA,NA,NA,NA
2002-12-01,NA,NA,NA,NA,NA,NA,NA,NA,NA,NA,NA,10719.9,NA,NA,456.2,NA,NA,NA,NA,NA
2003-01-01,0.56983190320016,1.30032786885246,1.64901639344262,2.07,2.91180327868852,3.92,14614.141,183.366666666667,91.2283333333333,76.461,9766.616,10710.4,2183.834,3124.051,456.4,1062.924,NA,5.86666666666667,130416.333333333,NA
2003-02-01,NA,NA,NA,NA,NA,NA,NA,NA,NA,NA,NA,10674,NA,NA,457.6,NA,NA,NA,NA,NA
2003-03-01,NA,NA,NA,NA,NA,NA,NA,NA,NA,NA,NA,10696.5,NA,NA,460.4,NA,NA,NA,NA,NA
2003-04-01,-0.255509920088796,1.15269841269841,1.4215873015873,1.77365079365079,2.57,3.62063492063492,14743.567,183.066666666667,90.5838,76.73,9878.442,10752.7,2247.609,3152.71,460.2,1074.61,NA,6.13333333333333,130185.333333333,NA
2003-05-01,NA,NA,NA,NA,NA,NA,NA,NA,NA,NA,NA,10832,NA,NA,465.1,NA,NA,NA,NA,NA
2003-06-01,NA,NA,NA,NA,NA,NA,NA,NA,NA,NA,NA,10860.6,NA,NA,464,NA,NA,NA,NA,NA
2003-07-01,-0.602416940715906,1.21921875,1.67828125,2.19625,3.138125,4.22765625,14988.782,184.433333333333,91.1813666666667,77.169,10018.122,10991.1,2314.259,3159.86,462.8,994.708,NA,6.13333333333333,130196.333333333,NA
2003-08-01,NA,NA,NA,NA,NA,NA,NA,NA,NA,NA,NA,11066.7,NA,NA,466.1,NA,NA,NA,NA,NA
2003-09-01,NA,NA,NA,NA,NA,NA,NA,NA,NA,NA,NA,10940.8,NA,NA,465.5,NA,NA,NA,NA,NA
2003-09-30,NA,NA,NA,NA,NA,NA,NA,NA,NA,NA,NA,NA,NA,NA,NA,NA,-377585,NA,NA,NA
2003-10-01,-0.527288005496224,1.29645161290323,1.85629032258065,2.38048387096774,3.24467741935484,4.28516129032258,15162.76,185.133333333333,92.0372333333333,77.639,10087.092,10982.3,2294.749,3178.923,465.7,1083.214,NA,5.83333333333333,130502.666666667,NA
2003-11-01,NA,NA,NA,NA,NA,NA,NA,NA,NA,NA,NA,11048.4,NA,NA,466.2,NA,NA,NA,NA,NA
2003-12-01,NA,NA,NA,NA,NA,NA,NA,NA,NA,NA,NA,11057.2,NA,NA,472.6,NA,NA,NA,NA,NA
2004-01-01,-0.524635065238801,1.22145161290323,1.68661290322581,2.16306451612903,2.98096774193548,4.01,15248.68,186.7,92.6482333333333,78.193,10181.141,11051.2,2343.661,3193.302,474.2,1086.156,NA,5.7,130905.666666667,NA
2004-02-01,NA,NA,NA,NA,NA,NA,NA,NA,NA,NA,NA,11071,NA,NA,482.2,NA,NA,NA,NA,NA
2004-03-01,NA,NA,NA,NA,NA,NA,NA,NA,NA,NA,NA,11115.6,NA,NA,482.6,NA,NA,NA,NA,NA
2004-04-01,-0.512399038989423,1.77548387096774,2.45467741935484,2.97193548387097,3.72096774193548,4.59709677419355,15366.85,188.166666666667,93.1341,78.824,10236.694,11153.3,2396.991,3201.827,484.1,1122.2,NA,5.6,131634.333333333,NA
2004-05-01,NA,NA,NA,NA,NA,NA,NA,NA,NA,NA,NA,11208.9,NA,NA,484.8,NA,NA,NA,NA,NA
2004-06-01,NA,NA,NA,NA,NA,NA,NA,NA,NA,NA,NA,11215.8,NA,NA,485.5,NA,NA,NA,NA,NA
2004-07-01,-0.433944058441502,2.075,2.5565625,2.91953125,3.505625,4.30140625,15512.619,189.366666666667,93.6464333333333,79.324,10356.936,11240.5,2419.934,3207.809,479.5,1165.545,NA,5.43333333333333,131960.666666667,NA
2004-08-01,NA,NA,NA,NA,NA,NA,NA,NA,NA,NA,NA,11274.6,NA,NA,492.8,NA,NA,NA,NA,NA
2004-09-01,NA,NA,NA,NA,NA,NA,NA,NA,NA,NA,NA,11279.6,NA,NA,486.2,NA,NA,NA,NA,NA
2004-09-30,NA,NA,NA,NA,NA,NA,NA,NA,NA,NA,NA,NA,NA,NA,NA,NA,-412727,NA,NA,NA
2004-10-01,-0.640843515514337,2.47274193548387,2.82241935483871,3.05887096774194,3.49370967741935,4.1758064516129,15670.88,191.4,94.9547666666667,79.939,10474.084,11282.5,2344.884,3205.846,488.2,1188.485,NA,5.43333333333333,132520.666666667,NA
2004-11-01,NA,NA,NA,NA,NA,NA,NA,NA,NA,NA,NA,11246.1,NA,NA,489,NA,NA,NA,NA,NA
2004-12-01,NA,NA,NA,NA,NA,NA,NA,NA,NA,NA,NA,11659,NA,NA,497,NA,NA,NA,NA,NA
2005-01-01,-0.759600741038004,3.07245901639344,3.45491803278689,3.62393442622951,3.89081967213115,4.30360655737705,15844.727,192.366666666667,96.3006,80.578,10540.638,11226.5,2351.882,3221.699,501.1,1326.264,NA,5.3,132989.666666667,NA
2005-02-01,NA,NA,NA,NA,NA,NA,NA,NA,NA,NA,NA,11229,NA,NA,510.2,NA,NA,NA,NA,NA
2005-03-01,NA,NA,NA,NA,NA,NA,NA,NA,NA,NA,NA,11268.8,NA,NA,508.2,NA,NA,NA,NA,NA
2005-04-01,-0.383202690604296,3.33734375,3.6459375,3.73234375,3.87296875,4.15859375,15922.782,193.666666666667,96.8562333333333,81.158,10657.449,11304.2,2375.756,3219.797,513.2,1343.299,NA,5.1,133719,NA
2005-05-01,NA,NA,NA,NA,NA,NA,NA,NA,NA,NA,NA,11352.7,NA,NA,511.8,NA,NA,NA,NA,NA
2005-06-01,NA,NA,NA,NA,NA,NA,NA,NA,NA,NA,NA,11375.5,NA,NA,513.6,NA,NA,NA,NA,NA
2005-07-01,-0.524800660604083,3.79109375,3.95796875,3.98921875,4.039375,4.21515625,16047.587,196.6,96.4504666666667,81.898,10745.873,11387.1,2388.463,3230.377,513.1,1374.911,NA,4.96666666666667,134451.333333333,NA
2005-08-01,NA,NA,NA,NA,NA,NA,NA,NA,NA,NA,NA,11405.3,NA,NA,515.1,NA,NA,NA,NA,NA
2005-09-01,NA,NA,NA,NA,NA,NA,NA,NA,NA,NA,NA,11365.2,NA,NA,514,NA,NA,NA,NA,NA
2005-09-30,NA,NA,NA,NA,NA,NA,NA,NA,NA,NA,NA,NA,NA,NA,NA,NA,-318346,NA,NA,NA
2005-10-01,-0.316629630174896,4.28852459016393,4.36459016393443,4.37229508196721,4.39114754098361,4.48819672131148,16136.734,198.433333333333,97.3479333333333,82.571,10765.68,11428.7,2495.296,3232.898,515.4,1426.819,NA,4.96666666666667,134932.333333333,NA
2005-11-01,NA,NA,NA,NA,NA,NA,NA,NA,NA,NA,NA,11500.1,NA,NA,514.4,NA,NA,NA,NA,NA
2005-12-01,NA,NA,NA,NA,NA,NA,NA,NA,NA,NA,NA,11535.2,NA,NA,522.7,NA,NA,NA,NA,NA
2006-01-01,-0.357575981026995,4.64032258064516,4.60467741935484,4.58258064516129,4.55241935483871,4.57709677419355,16353.835,199.466666666667,98.3013333333333,83.156,10883.075,11651.8,2594.235,3273.905,538.3,1492.519,NA,4.73333333333333,135732.666666667,NA
2006-02-01,NA,NA,NA,NA,NA,NA,NA,NA,NA,NA,NA,11702.8,NA,NA,535.1,NA,NA,NA,NA,NA
2006-03-01,NA,NA,NA,NA,NA,NA,NA,NA,NA,NA,NA,11747.5,NA,NA,540.7,NA,NA,NA,NA,NA
2006-04-01,-0.376354290590643,5.02142857142857,4.99793650793651,4.98730158730159,4.9931746031746,5.07269841269841,16396.151,201.266666666667,98.8828,83.882,10939.498,11744.4,2580.027,3272.721,542,1518.932,NA,4.63333333333333,136265.333333333,NA
2006-05-01,NA,NA,NA,NA,NA,NA,NA,NA,NA,NA,NA,11736.8,NA,NA,542.9,NA,NA,NA,NA,NA
2006-06-01,NA,NA,NA,NA,NA,NA,NA,NA,NA,NA,NA,11751.9,NA,NA,546,NA,NA,NA,NA,NA
2006-07-01,-0.285684941349519,5.09111111111111,4.92904761904762,4.8684126984127,4.84222222222222,4.89349206349206,16420.738,203.166666666667,99.2836,84.468,11009.748,11746.9,2570.965,3267.713,544.7,1557.724,NA,4.63333333333333,136682.333333333,NA
2006-08-01,NA,NA,NA,NA,NA,NA,NA,NA,NA,NA,NA,11737,NA,NA,544.8,NA,NA,NA,NA,NA
2006-09-01,NA,NA,NA,NA,NA,NA,NA,NA,NA,NA,NA,11800.1,NA,NA,548.8,NA,NA,NA,NA,NA
2006-09-30,NA,NA,NA,NA,NA,NA,NA,NA,NA,NA,NA,NA,NA,NA,NA,NA,-248181,NA,NA,NA
2006-10-01,-0.388947841076204,4.98822580645161,4.73758064516129,4.64870967741935,4.60177419354839,4.63064516129032,16561.866,202.333333333333,99.5135333333333,84.77,11114.771,11853.7,2566.408,3294.635,545.7,1569.927,NA,4.43333333333333,137050.666666667,NA
2006-11-01,NA,NA,NA,NA,NA,NA,NA,NA,NA,NA,NA,11901.9,NA,NA,545.8,NA,NA,NA,NA,NA
2006-12-01,NA,NA,NA,NA,NA,NA,NA,NA,NA,NA,NA,11958.6,NA,NA,554.3,NA,NA,NA,NA,NA
2007-01-01,-0.463321457832901,5.00758064516129,4.76048387096774,4.67967741935484,4.64338709677419,4.67903225806452,16611.69,204.317,100.521533333333,85.576,11183.323,11956.6,2490.435,3299.115,565.1,1606.513,NA,4.5,137605.333333333,NA
2007-02-01,NA,NA,NA,NA,NA,NA,NA,NA,NA,NA,NA,11996,NA,NA,567.6,NA,NA,NA,NA,NA
2007-03-01,NA,NA,NA,NA,NA,NA,NA,NA,NA,NA,NA,12035.1,NA,NA,572.2,NA,NA,NA,NA,NA
2007-04-01,-0.423093286543192,4.93421875,4.80375,4.76359375,4.76078125,4.84609375,16713.314,206.631,101.717766666667,86.171,11212.669,12052.8,2558.154,3329.139,570.7,1619.091,NA,4.5,137969.666666667,NA
2007-05-01,NA,NA,NA,NA,NA,NA,NA,NA,NA,NA,NA,12059.9,NA,NA,577.9,NA,NA,NA,NA,NA
2007-06-01,NA,NA,NA,NA,NA,NA,NA,NA,NA,NA,NA,12053.3,NA,NA,576.5,NA,NA,NA,NA,NA
2007-07-01,0.098160238309671,4.53507936507937,4.39079365079365,4.41650793650794,4.51269841269841,4.7384126984127,16809.587,207.939,101.8732,86.642,11287.468,12066.4,2490.17,3344.222,573.8,1602.248,NA,4.66666666666667,138052,NA
2007-08-01,NA,NA,NA,NA,NA,NA,NA,NA,NA,NA,NA,12070.9,NA,NA,577.5,NA,NA,NA,NA,NA
2007-09-01,NA,NA,NA,NA,NA,NA,NA,NA,NA,NA,NA,12089.6,NA,NA,583.4,NA,NA,NA,NA,NA
2007-09-30,NA,NA,NA,NA,NA,NA,NA,NA,NA,NA,NA,NA,NA,NA,NA,NA,-160701,NA,NA,NA
2007-10-01,0.293337303200216,3.635,3.48967741935484,3.51338709677419,3.79758064516129,4.26661290322581,16915.191,210.489666666667,102.175466666667,86.993,11331.949,12080.4,2467.629,3370.95,576.4,1602.775,NA,4.8,138286.666666667,NA
2007-11-01,NA,NA,NA,NA,NA,NA,NA,NA,NA,NA,NA,12070.1,NA,NA,577.7,NA,NA,NA,NA,NA
2007-12-01,NA,NA,NA,NA,NA,NA,NA,NA,NA,NA,NA,12120.5,NA,NA,589.2,NA,NA,NA,NA,NA
2008-01-01,0.949313771940113,2.11295081967213,2.02934426229508,2.17098360655738,2.75147540983607,3.66524590163934,16843.003,212.769666666667,101.874066666667,87.315,11316.411,12137.1,2464.337,3378.654,594,1551.383,NA,5,138326.333333333,NA
2008-02-01,NA,NA,NA,NA,NA,NA,NA,NA,NA,NA,NA,12141.8,NA,NA,594.5,NA,NA,NA,NA,NA
2008-03-01,NA,NA,NA,NA,NA,NA,NA,NA,NA,NA,NA,12145.9,NA,NA,603.5,NA,NA,NA,NA,NA
2008-04-01,0.729280179522922,2.0659375,2.41640625,2.6590625,3.155,3.8815625,16943.291,215.537666666667,100.393133333333,87.738,11347.595,12100.8,2709.892,3407.753,599.6,1528.239,NA,5.33333333333333,137863.666666667,NA
2008-05-01,NA,NA,NA,NA,NA,NA,NA,NA,NA,NA,NA,12696.2,NA,NA,604.7,NA,NA,NA,NA,NA
2008-06-01,NA,NA,NA,NA,NA,NA,NA,NA,NA,NA,NA,12376.6,NA,NA,604.3,NA,NA,NA,NA,NA
2008-07-01,1.36351492800115,2.12640625,2.36,2.63296875,3.1128125,3.8621875,16854.295,218.861,97.1922,88.399,11260.136,12188.7,2666.786,3435.1,608.7,1494.271,NA,6,137156,NA
2008-08-01,NA,NA,NA,NA,NA,NA,NA,NA,NA,NA,NA,12120.6,NA,NA,608.4,NA,NA,NA,NA,NA
2008-09-01,NA,NA,NA,NA,NA,NA,NA,NA,NA,NA,NA,12149,NA,NA,609.5,NA,NA,NA,NA,NA
2008-09-30,NA,NA,NA,NA,NA,NA,NA,NA,NA,NA,NA,NA,NA,NA,NA,NA,-458553,NA,NA,NA
2008-10-01,3.30199746473969,0.989193548387097,1.21548387096774,1.48096774193548,2.17274193548387,3.23467741935484,16485.35,213.848666666667,93.0097,88.613,11158.801,12240.5,2685.999,3458.839,609.3,1384.171,NA,6.86666666666667,135559.666666667,NA
2008-11-01,NA,NA,NA,NA,NA,NA,NA,NA,NA,NA,NA,12345.9,NA,NA,611.3,NA,NA,NA,NA,NA
2008-12-01,NA,NA,NA,NA,NA,NA,NA,NA,NA,NA,NA,12288.8,NA,NA,618.7,NA,NA,NA,NA,NA
2009-01-01,2.92633589535402,0.571967213114754,0.904262295081967,1.27147540983607,1.76131147540984,2.73622950819672,16298.262,212.377666666667,87.7512666666667,88.543,11130.464,12361.5,2975.117,3498.103,648.1,1144.195,NA,8.26666666666667,133297,NA
2009-02-01,NA,NA,NA,NA,NA,NA,NA,NA,NA,NA,NA,12241.9,NA,NA,651.9,NA,NA,NA,NA,NA
2009-03-01,NA,NA,NA,NA,NA,NA,NA,NA,NA,NA,NA,12242.7,NA,NA,655.6,NA,NA,NA,NA,NA
2009-04-01,1.52396195678956,0.521111111111111,1.01761904761905,1.49539682539683,2.24174603174603,3.32079365079365,16269.145,213.507,85.2489333333333,88.396,11075.748,12320,3158.041,3549.027,661.9,1102.464,NA,9.3,131432,NA
2009-05-01,NA,NA,NA,NA,NA,NA,NA,NA,NA,NA,NA,12500.1,NA,NA,657.4,NA,NA,NA,NA,NA
2009-06-01,NA,NA,NA,NA,NA,NA,NA,NA,NA,NA,NA,12273.2,NA,NA,668,NA,NA,NA,NA,NA
2009-07-01,0.152759641653948,0.44796875,1.03,1.55796875,2.4675,3.5178125,16326.281,215.344,86.5838666666667,88.501,11150.23,12218.7,3156.022,3558.54,665.1,1104.113,NA,9.63333333333333,130460,NA
2009-08-01,NA,NA,NA,NA,NA,NA,NA,NA,NA,NA,NA,12194.8,NA,NA,662,NA,NA,NA,NA,NA
2009-09-01,NA,NA,NA,NA,NA,NA,NA,NA,NA,NA,NA,12230.6,NA,NA,676.7,NA,NA,NA,NA,NA
2009-09-30,NA,NA,NA,NA,NA,NA,NA,NA,NA,NA,NA,NA,NA,NA,NA,NA,-1412688,NA,NA,NA
2009-10-01,-0.204667910719647,0.354677419354839,0.877903225806452,1.39,2.3041935483871,3.46403225806452,16502.754,217.03,88.0144333333333,88.781,11137.946,12193.2,3272.61,3565.188,673,1143.889,NA,9.93333333333333,129975.333333333,NA
2009-11-01,NA,NA,NA,NA,NA,NA,NA,NA,NA,NA,NA,12224.4,NA,NA,671.5,NA,NA,NA,NA,NA
2009-12-01,NA,NA,NA,NA,NA,NA,NA,NA,NA,NA,NA,12280.2,NA,NA,682.5,NA,NA,NA,NA,NA
2010-01-01,-0.1107776353757,0.364590163934426,0.917704918032787,1.46885245901639,2.42737704918033,3.71786885245902,16582.71,217.374,89.7711,89.036,11202.495,12285.8,3366.711,3549.775,676.2,1213.369,NA,9.83333333333333,129791.333333333,NA
2010-02-01,NA,NA,NA,NA,NA,NA,NA,NA,NA,NA,NA,12292,NA,NA,678.6,NA,NA,NA,NA,NA
2010-03-01,NA,NA,NA,NA,NA,NA,NA,NA,NA,NA,NA,12340.3,NA,NA,681.7,NA,NA,NA,NA,NA
2010-04-01,-0.108363207166671,0.37828125,0.873125,1.3790625,2.25484375,3.4925,16743.162,217.297333333333,91.4716333333333,89.471,11302.955,12447.1,3443.2,3560.566,688.9,1257.379,NA,9.63333333333333,130424,NA
2010-05-01,NA,NA,NA,NA,NA,NA,NA,NA,NA,NA,NA,12540.3,NA,NA,689.9,NA,NA,NA,NA,NA
2010-06-01,NA,NA,NA,NA,NA,NA,NA,NA,NA,NA,NA,12544.3,NA,NA,689,NA,NA,NA,NA,NA
2010-07-01,-0.0166529028217243,0.26890625,0.53875,0.83390625,1.545,2.78453125,16872.266,217.934333333333,92.6587666666667,89.743,11383.596,12554.2,3549.56,3535.371,693.4,1297.148,NA,9.46666666666667,130390.333333333,NA
2010-08-01,NA,NA,NA,NA,NA,NA,NA,NA,NA,NA,NA,12591.4,NA,NA,690.7,NA,NA,NA,NA,NA
2010-09-01,NA,NA,NA,NA,NA,NA,NA,NA,NA,NA,NA,12589.9,NA,NA,696.7,NA,NA,NA,NA,NA
2010-09-30,NA,NA,NA,NA,NA,NA,NA,NA,NA,NA,NA,NA,NA,NA,NA,NA,-1294373,NA,NA,NA
2010-10-01,-0.159436041170247,0.259193548387097,0.487096774193548,0.753225806451613,1.50338709677419,2.87838709677419,16960.864,219.699,93.0466333333333,90.264,11453.368,12592.5,3524.161,3512.905,696.4,1326.495,NA,9.5,130733,NA
2010-11-01,NA,NA,NA,NA,NA,NA,NA,NA,NA,NA,NA,12605.1,NA,NA,695.5,NA,NA,NA,NA,NA
2010-12-01,NA,NA,NA,NA,NA,NA,NA,NA,NA,NA,NA,12680.6,NA,NA,705.1,NA,NA,NA,NA,NA
2011-01-01,-0.179377904028521,0.272096774193548,0.693709677419355,1.16032258064516,2.11935483870968,3.45741935483871,16920.632,222.043666666667,93.5568,90.726,11497.12,12740.1,3431.883,3469.798,702.9,1458.521,NA,9.03333333333333,131059,NA
2011-02-01,NA,NA,NA,NA,NA,NA,NA,NA,NA,NA,NA,12776.6,NA,NA,701.6,NA,NA,NA,NA,NA
2011-03-01,NA,NA,NA,NA,NA,NA,NA,NA,NA,NA,NA,12742.7,NA,NA,704.9,NA,NA,NA,NA,NA
2011-04-01,-0.115249878116594,0.204126984126984,0.561587301587302,0.944285714285714,1.85444444444444,3.20142857142857,17035.114,224.568333333333,93.9449666666667,91.326,11508.95,12721.3,3529.442,3446.079,712.8,1476.191,NA,9.06666666666667,131743.666666667,NA
2011-05-01,NA,NA,NA,NA,NA,NA,NA,NA,NA,NA,NA,12705.3,NA,NA,711.6,NA,NA,NA,NA,NA
2011-06-01,NA,NA,NA,NA,NA,NA,NA,NA,NA,NA,NA,12756.9,NA,NA,711.7,NA,NA,NA,NA,NA
2011-07-01,0.119859921878126,0.1334375,0.27921875,0.46625,1.1440625,2.41421875,17031.313,226.032666666667,95.0356666666667,91.876,11543.975,12805.6,3602.042,3396.917,714.8,1471.733,NA,9,132153.666666667,NA
2011-08-01,NA,NA,NA,NA,NA,NA,NA,NA,NA,NA,NA,12799.7,NA,NA,715.7,NA,NA,NA,NA,NA
2011-09-01,NA,NA,NA,NA,NA,NA,NA,NA,NA,NA,NA,12781.7,NA,NA,717.5,NA,NA,NA,NA,NA
2011-09-30,NA,NA,NA,NA,NA,NA,NA,NA,NA,NA,NA,NA,NA,NA,NA,NA,-1299599,NA,NA,NA
2011-10-01,0.259395473528398,0.113934426229508,0.263606557377049,0.41672131147541,0.952622950819672,2.04672131147541,17222.583,227.047333333333,96.0208,91.985,11563.89,12791.9,3705.276,3394.613,718,1507.169,NA,8.63333333333333,132710.333333333,NA
2011-11-01,NA,NA,NA,NA,NA,NA,NA,NA,NA,NA,NA,12782.7,NA,NA,718.8,NA,NA,NA,NA,NA
2011-12-01,NA,NA,NA,NA,NA,NA,NA,NA,NA,NA,NA,12898.5,NA,NA,728.7,NA,NA,NA,NA,NA
2012-01-01,-0.000966169676374001,0.156451612903226,0.289516129032258,0.419677419354839,0.898387096774194,2.04,17367.01,228.326,96.9717666666667,92.525,11647.297,12967.5,3836.683,3380.162,749.2,1529.118,NA,8.26666666666667,133501,NA
2012-02-01,NA,NA,NA,NA,NA,NA,NA,NA,NA,NA,NA,13029.6,NA,NA,752.2,NA,NA,NA,NA,NA
2012-03-01,NA,NA,NA,NA,NA,NA,NA,NA,NA,NA,NA,13066.4,NA,NA,758.3,NA,NA,NA,NA,NA
2012-04-01,0.00955708987178532,0.188125,0.28953125,0.4028125,0.78890625,1.82578125,17444.525,228.808,97.5877,92.907,11667.753,13116.5,3874.743,3362.33,756.8,1556.654,NA,8.2,133923.333333333,NA
2012-05-01,NA,NA,NA,NA,NA,NA,NA,NA,NA,NA,NA,13112.5,NA,NA,756.8,NA,NA,NA,NA,NA
2012-06-01,NA,NA,NA,NA,NA,NA,NA,NA,NA,NA,NA,13097.2,NA,NA,764.6,NA,NA,NA,NA,NA
2012-07-01,-0.0852020202563256,0.181904761904762,0.257777777777778,0.346666666666667,0.668888888888889,1.64126984126984,17469.65,229.841,97.5682666666667,93.417,11691.414,12999.8,3755.744,3357.201,762.1,1575.77,NA,8.03333333333333,134337.666666667,NA
2012-08-01,NA,NA,NA,NA,NA,NA,NA,NA,NA,NA,NA,12961.6,NA,NA,759.6,NA,NA,NA,NA,NA
2012-09-01,NA,NA,NA,NA,NA,NA,NA,NA,NA,NA,NA,13053.1,NA,NA,773.7,NA,NA,NA,NA,NA
2012-09-30,NA,NA,NA,NA,NA,NA,NA,NA,NA,NA,NA,NA,NA,NA,NA,NA,-1076573,NA,NA,NA
2012-10-01,-0.10379117061902,0.172295081967213,0.267540983606557,0.359508196721311,0.690163934426229,1.70704918032787,17489.852,231.369333333333,98.0357,93.885,11738.007,13142,3877.991,3324.137,763.1,1630.259,NA,7.8,134856,NA
2012-11-01,NA,NA,NA,NA,NA,NA,NA,NA,NA,NA,NA,13315.7,NA,NA,767.9,NA,NA,NA,NA,NA
2012-12-01,NA,NA,NA,NA,NA,NA,NA,NA,NA,NA,NA,13642.7,NA,NA,781.5,NA,NA,NA,NA,NA
2013-01-01,-0.0475861247852786,0.149833333333333,0.262833333333333,0.3915,0.822666666666667,1.951,17662.4,232.299333333333,98.7734666666667,94.258,11814.326,12845.5,3563.27,3293.099,784.7,1710.991,NA,7.73333333333333,135497.333333333,NA
2013-02-01,NA,NA,NA,NA,NA,NA,NA,NA,NA,NA,NA,12813.9,NA,NA,789.4,NA,NA,NA,NA,NA
2013-03-01,NA,NA,NA,NA,NA,NA,NA,NA,NA,NA,NA,12852.1,NA,NA,795.9,NA,NA,NA,NA,NA
2013-04-01,-0.304960423993352,0.12796875,0.27015625,0.4334375,0.909375,1.98625,17709.671,232.045,99.2267,94.461,11848.089,12893.4,3396.903,3288.858,786.2,1730.865,NA,7.53333333333333,136082.666666667,NA
2013-05-01,NA,NA,NA,NA,NA,NA,NA,NA,NA,NA,NA,12954.2,NA,NA,797.7,NA,NA,NA,NA,NA
2013-06-01,NA,NA,NA,NA,NA,NA,NA,NA,NA,NA,NA,12955.7,NA,NA,801.7,NA,NA,NA,NA,NA
2013-07-01,-0.0775798472812226,0.1225,0.3659375,0.7071875,1.50375,2.7065625,17860.45,233.3,99.6322333333333,94.924,11896.258,12941.8,3613.169,3272.825,799.2,1753.758,NA,7.23333333333333,136619.333333333,NA
2013-08-01,NA,NA,NA,NA,NA,NA,NA,NA,NA,NA,NA,12969.6,NA,NA,803.9,NA,NA,NA,NA,NA
2013-09-01,NA,NA,NA,NA,NA,NA,NA,NA,NA,NA,NA,13027.5,NA,NA,803.8,NA,NA,NA,NA,NA
2013-09-30,NA,NA,NA,NA,NA,NA,NA,NA,NA,NA,NA,NA,NA,NA,NA,NA,-679775,NA,NA,NA
2013-10-01,-0.0503683373916431,0.125322580645161,0.327258064516129,0.63258064516129,1.43903225806452,2.7441935483871,18016.147,234.162666666667,100.3051,95.426,12001.027,12974.6,3481.443,3247.579,803.4,1783.928,NA,6.93333333333333,137243.333333333,NA
2013-11-01,NA,NA,NA,NA,NA,NA,NA,NA,NA,NA,NA,12998.9,NA,NA,809.4,NA,NA,NA,NA,NA
2013-12-01,NA,NA,NA,NA,NA,NA,NA,NA,NA,NA,NA,13019.1,NA,NA,813.1,NA,NA,NA,NA,NA
2014-01-01,-0.253431243999809,0.120491803278689,0.374754098360656,0.763934426229508,1.60344262295082,2.76540983606557,17953.974,235.621,100.9903,95.788,12044.203,13079.5,3556.725,3233.646,822.8,1865.024,NA,6.66666666666667,137752.666666667,NA
2014-02-01,NA,NA,NA,NA,NA,NA,NA,NA,NA,NA,NA,13148,NA,NA,824,NA,NA,NA,NA,NA
2014-03-01,NA,NA,NA,NA,NA,NA,NA,NA,NA,NA,NA,13219.9,NA,NA,827.7,NA,NA,NA,NA,NA
2014-04-01,-0.338637838185284,0.103015873015873,0.41952380952381,0.871904761904762,1.65761904761905,2.62095238095238,18185.911,236.872333333333,102.370466666667,96.33,12159.899,13270.2,3740.923,3238.033,829.9,1903.372,NA,6.2,138553.333333333,NA
2014-05-01,NA,NA,NA,NA,NA,NA,NA,NA,NA,NA,NA,13312.9,NA,NA,831.9,NA,NA,NA,NA,NA
2014-06-01,NA,NA,NA,NA,NA,NA,NA,NA,NA,NA,NA,13360.4,NA,NA,833.2,NA,NA,NA,NA,NA
2014-07-01,-0.279843524029952,0.109375,0.515,0.98390625,1.7015625,2.49953125,18406.941,237.478333333333,102.932033333333,96.726,12280.086,13386.8,3860.709,3259.9,834.2,1900.394,NA,6.06666666666667,139301.333333333,NA
2014-08-01,NA,NA,NA,NA,NA,NA,NA,NA,NA,NA,NA,13445.9,NA,NA,836.1,NA,NA,NA,NA,NA
2014-09-01,NA,NA,NA,NA,NA,NA,NA,NA,NA,NA,NA,13486.3,NA,NA,839.1,NA,NA,NA,NA,NA
2014-09-30,NA,NA,NA,NA,NA,NA,NA,NA,NA,NA,NA,NA,NA,NA,NA,NA,-484793,NA,NA,NA
2014-10-01,-0.0216963830078992,0.152258064516129,0.536612903225806,0.96758064516129,1.60096774193548,2.27596774193548,18500.031,236.888333333333,103.4978,96.822,12421.595,13550.7,3879.209,3257.472,841.2,1933.008,NA,5.7,140083.666666667,NA
2014-11-01,NA,NA,NA,NA,NA,NA,NA,NA,NA,NA,NA,13624.4,NA,NA,842.7,NA,NA,NA,NA,NA
2014-12-01,NA,NA,NA,NA,NA,NA,NA,NA,NA,NA,NA,13719.1,NA,NA,852.8,NA,NA,NA,NA,NA
2015-01-01,-0.15379220518738,0.225409836065574,0.604590163934426,0.969672131147541,1.4572131147541,1.96885245901639,18666.621,235.355,102.338466666667,96.769,12516.902,13797.7,3907.373,3277.17,859.4,2017.75,NA,5.53333333333333,140772.666666667,NA
2015-02-01,NA,NA,NA,NA,NA,NA,NA,NA,NA,NA,NA,13848,NA,NA,861.3,NA,NA,NA,NA,NA
2015-03-01,NA,NA,NA,NA,NA,NA,NA,NA,NA,NA,NA,13811.3,NA,NA,864.8,NA,NA,NA,NA,NA
2015-04-01,0.06967727136654,0.2503125,0.61265625,0.96890625,1.52515625,2.164375,18782.243,236.96,100.9316,97.325,12603.053,13842,3872.731,3309.301,866.2,2045.283,NA,5.43333333333333,141481,NA
2015-05-01,NA,NA,NA,NA,NA,NA,NA,NA,NA,NA,NA,13865.6,NA,NA,870.5,NA,NA,NA,NA,NA
2015-06-01,NA,NA,NA,NA,NA,NA,NA,NA,NA,NA,NA,13874.1,NA,NA,868.8,NA,NA,NA,NA,NA
2015-07-01,0.384226946267362,0.3478125,0.6925,1.02328125,1.55578125,2.223125,18857.418,237.855,101.004733333333,97.583,12691.79,13905.7,3834.644,3326.769,872.3,2026.616,NA,5.1,142130.333333333,NA
2015-08-01,NA,NA,NA,NA,NA,NA,NA,NA,NA,NA,NA,13935.8,NA,NA,874.7,NA,NA,NA,NA,NA
2015-09-01,NA,NA,NA,NA,NA,NA,NA,NA,NA,NA,NA,13972.2,NA,NA,874.8,NA,NA,NA,NA,NA
2015-09-30,NA,NA,NA,NA,NA,NA,NA,NA,NA,NA,NA,NA,NA,NA,NA,NA,-441960,NA,NA,NA
2015-10-01,0.539743247948038,0.467258064516129,0.838225806451613,1.13725806451613,1.5841935483871,2.19048387096774,18892.206,237.837,99.613,97.581,12743.411,13996.9,3732.215,3341.055,877.3,2013.189,NA,5.03333333333333,142821.333333333,NA
2015-11-01,NA,NA,NA,NA,NA,NA,NA,NA,NA,NA,NA,13993.4,NA,NA,880.2,NA,NA,NA,NA,NA
2015-12-01,NA,NA,NA,NA,NA,NA,NA,NA,NA,NA,NA,14060.2,NA,NA,891.2,NA,NA,NA,NA,NA
2016-01-01,0.820163794548848,0.580983606557377,0.836229508196721,1.02344262295082,1.36983606557377,1.91426229508197,19001.69,237.689333333333,98.9716,97.496,12839.618,14121.1,3888.15,3371.646,883.7,2001.701,NA,4.9,143426,NA
2016-02-01,NA,NA,NA,NA,NA,NA,NA,NA,NA,NA,NA,14135.3,NA,NA,887.3,NA,NA,NA,NA,NA
2016-03-01,NA,NA,NA,NA,NA,NA,NA,NA,NA,NA,NA,14135.4,NA,NA,887.2,NA,NA,NA,NA,NA
2016-04-01,0.187431529549656,0.56625,0.77125,0.91609375,1.24046875,1.75015625,19062.709,239.590333333333,98.6479333333333,98.159,12903.306,14106.2,3799.127,3369.042,893,2011.666,NA,4.93333333333333,143967,NA
2016-05-01,NA,NA,NA,NA,NA,NA,NA,NA,NA,NA,NA,14095.5,NA,NA,893.7,NA,NA,NA,NA,NA
2016-06-01,NA,NA,NA,NA,NA,NA,NA,NA,NA,NA,NA,14104.9,NA,NA,892.9,NA,NA,NA,NA,NA
2016-07-01,-0.0231607270056323,0.559375,0.728125,0.8496875,1.12859375,1.564375,19197.938,240.607333333333,98.8649666666667,98.41,12993.064,14160.1,3809.284,3383.696,897,2036.51,NA,4.9,144716,NA
2016-08-01,NA,NA,NA,NA,NA,NA,NA,NA,NA,NA,NA,14176.7,NA,NA,899.9,NA,NA,NA,NA,NA
2016-09-01,NA,NA,NA,NA,NA,NA,NA,NA,NA,NA,NA,14209.1,NA,NA,901.3,NA,NA,NA,NA,NA
2016-09-30,NA,NA,NA,NA,NA,NA,NA,NA,NA,NA,NA,NA,NA,NA,NA,NA,-584650,NA,NA,NA
2016-10-01,-0.351665209053461,0.755737704918033,1.00950819672131,1.23868852459016,1.61475409836066,2.13868852459016,19304.352,242.134666666667,98.7105333333333,98.886,13060.061,14235.4,3905.991,3389.649,910.6,2034.647,NA,4.76666666666667,145218.666666667,NA
2016-11-01,NA,NA,NA,NA,NA,NA,NA,NA,NA,NA,NA,14273.6,NA,NA,904.5,NA,NA,NA,NA,NA
2016-12-01,NA,NA,NA,NA,NA,NA,NA,NA,NA,NA,NA,14313.7,NA,NA,906.6,NA,NA,NA,NA,NA
2017-01-01,-0.180487009513022,0.89258064516129,1.24435483870968,1.51645161290323,1.94790322580645,2.44661290322581,19398.343,243.838666666667,98.7131333333333,99.39,13160.475,14373.7,4030.545,3380.244,913.3,1943.31,NA,4.56666666666667,145814.666666667,NA
2017-02-01,NA,NA,NA,NA,NA,NA,NA,NA,NA,NA,NA,14416.8,NA,NA,915,NA,NA,NA,NA,NA
2017-03-01,NA,NA,NA,NA,NA,NA,NA,NA,NA,NA,NA,14476.3,NA,NA,920.7,NA,NA,NA,NA,NA
2017-04-01,-0.132674814133654,1.12571428571429,1.29761904761905,1.47206349206349,1.81111111111111,2.26095238095238,19506.949,244.12,100.1701,99.65,13225.743,14509.3,4086.4,3389.811,918.9,1982.371,NA,4.36666666666667,146379.333333333,NA
2017-05-01,NA,NA,NA,NA,NA,NA,NA,NA,NA,NA,NA,14610.7,NA,NA,921.7,NA,NA,NA,NA,NA
2017-06-01,NA,NA,NA,NA,NA,NA,NA,NA,NA,NA,NA,14618.7,NA,NA,925.4,NA,NA,NA,NA,NA
2017-07-01,-0.158327674797512,1.24349206349206,1.36269841269841,1.51015873015873,1.81349206349206,2.24142857142857,19660.766,245.287,99.8649,100.162,13315.382,14660.2,4160.932,3394.009,927.4,2021.546,NA,4.33333333333333,146899.666666667,NA
2017-08-01,NA,NA,NA,NA,NA,NA,NA,NA,NA,NA,NA,14678.3,NA,NA,929,NA,NA,NA,NA,NA
2017-09-01,NA,NA,NA,NA,NA,NA,NA,NA,NA,NA,NA,14706,NA,NA,931.5,NA,NA,NA,NA,NA
2017-09-30,NA,NA,NA,NA,NA,NA,NA,NA,NA,NA,NA,NA,NA,NA,NA,NA,-665450,NA,NA,NA
2017-10-01,-0.177699950033216,1.55032258064516,1.69435483870968,1.81290322580645,2.0691935483871,2.37145161290323,19882.352,247.238333333333,101.251833333333,100.778,13460.902,14748.6,4181.904,3424.498,939.3,2051.989,NA,4.16666666666667,147348,NA
2017-11-01,NA,NA,NA,NA,NA,NA,NA,NA,NA,NA,NA,14771.1,NA,NA,934.1,NA,NA,NA,NA,NA
2017-12-01,NA,NA,NA,NA,NA,NA,NA,NA,NA,NA,NA,14797.9,NA,NA,936.6,NA,NA,NA,NA,NA
2018-01-01,-0.248537146401526,1.94245901639344,2.16049180327869,2.30672131147541,2.53491803278689,2.75852459016393,20044.077,249.321666666667,101.792566666667,101.419,13558.373,14886.6,4328.095,3431.709,959.3,1987.756,NA,4.03333333333333,147998,NA
2018-02-01,NA,NA,NA,NA,NA,NA,NA,NA,NA,NA,NA,14921.1,NA,NA,958.1,NA,NA,NA,NA,NA
2018-03-01,NA,NA,NA,NA,NA,NA,NA,NA,NA,NA,NA,14974.8,NA,NA,964.5,NA,NA,NA,NA,NA
2018-04-01,-0.150838747541128,2.2521875,2.47703125,2.6090625,2.765625,2.920625,20150.476,250.679,102.977766666667,102.136,13630.967,15007.2,4444.16,3456.309,965.1,2017.635,NA,3.93333333333333,148707.333333333,NA
2018-05-01,NA,NA,NA,NA,NA,NA,NA,NA,NA,NA,NA,15057.8,NA,NA,968.6,NA,NA,NA,NA,NA
2018-06-01,NA,NA,NA,NA,NA,NA,NA,NA,NA,NA,NA,15119.3,NA,NA,971.3,NA,NA,NA,NA,NA
2018-07-01,-0.132963317724295,2.46015873015873,2.66587301587302,2.74349206349206,2.80904761904762,2.92380952380952,20276.154,251.686333333333,103.832566666667,102.577,13693.79,15184.7,4519.993,3483.628,975.3,2039.255,NA,3.76666666666667,149218.333333333,NA
2018-08-01,NA,NA,NA,NA,NA,NA,NA,NA,NA,NA,NA,15238.6,NA,NA,978.4,NA,NA,NA,NA,NA
2018-09-01,NA,NA,NA,NA,NA,NA,NA,NA,NA,NA,NA,15237.5,NA,NA,976.8,NA,NA,NA,NA,NA
2018-09-30,NA,NA,NA,NA,NA,NA,NA,NA,NA,NA,NA,NA,NA,NA,NA,NA,-779074,NA,NA,NA
2018-10-01,0.166472292788303,2.66819672131148,2.8027868852459,2.84426229508197,2.88360655737705,3.04114754098361,20304.874,252.711,104.0491,103.019,13736.572,15274.1,4634.83,3488.352,986.3,2069.109,NA,3.83333333333333,149651,NA
2018-11-01,NA,NA,NA,NA,NA,NA,NA,NA,NA,NA,NA,15315.2,NA,NA,981.4,NA,NA,NA,NA,NA
2018-12-01,NA,NA,NA,NA,NA,NA,NA,NA,NA,NA,NA,15506.5,NA,NA,983.9,NA,NA,NA,NA,NA
2019-01-01,0.0515113591078239,2.53967213114754,2.48508196721311,2.45540983606557,2.46491803278689,2.65295081967213,20431.641,253.385666666667,103.0383,103.328,13758.331,15536.3,4896.281,3536.6,1016.6,2079.842,NA,3.86666666666667,150140.666666667,NA
2019-02-01,NA,NA,NA,NA,NA,NA,NA,NA,NA,NA,NA,15560.4,NA,NA,1018.5,NA,NA,NA,NA,NA
2019-03-01,NA,NA,NA,NA,NA,NA,NA,NA,NA,NA,NA,15566.5,NA,NA,1022.5,NA,NA,NA,NA,NA
2019-04-01,0.00796928862499461,2.25888888888889,2.12793650793651,2.08825396825397,2.12111111111111,2.33888888888889,20602.275,255.247333333333,102.367833333333,103.862,13875.705,15534.2,4782.749,3584.587,1023.7,2088.037,NA,3.63333333333333,150682.333333333,NA
2019-05-01,NA,NA,NA,NA,NA,NA,NA,NA,NA,NA,NA,15532.4,NA,NA,1026.5,NA,NA,NA,NA,NA
2019-06-01,NA,NA,NA,NA,NA,NA,NA,NA,NA,NA,NA,15562.1,NA,NA,1029.9,NA,NA,NA,NA,NA
2019-07-01,-0.135028107247417,1.845,1.6859375,1.63265625,1.62859375,1.79796875,20843.322,256.089333333333,102.2905,104.192,14033.222,15581.4,4796.283,3625.512,1031.8,2110.233,NA,3.6,151157,NA
2019-08-01,NA,NA,NA,NA,NA,NA,NA,NA,NA,NA,NA,15664.3,NA,NA,1034.2,NA,NA,NA,NA,NA
2019-09-01,NA,NA,NA,NA,NA,NA,NA,NA,NA,NA,NA,15697.5,NA,NA,1037.3,NA,NA,NA,NA,NA
2019-09-30,NA,NA,NA,NA,NA,NA,NA,NA,NA,NA,NA,NA,NA,NA,NA,NA,-983588,NA,NA,NA
2019-10-01,-0.220930836912465,1.5758064516129,1.59112903225806,1.58967741935484,1.61338709677419,1.79193548387097,20985.448,257.888,101.688533333333,104.516,14125.274,15718.1,4785.299,3654.831,1045.5,2173.772,NA,3.6,151640.333333333,NA
